Test,Testing_Item,Test_(Repeat),Range,Value
tb_leakage_high,AA_0,leakage_high,2uA_range_vdd_1.050V_dvdd_1.800V_0.0ns,0.000_uA
tb_leakage_high,AA_1,leakage_high,2uA_range_vdd_1.050V_dvdd_1.800V_0.0ns,0.012_uA
tb_leakage_high,AA_2,leakage_high,2uA_range_vdd_1.050V_dvdd_1.800V_0.0ns,0.006_uA
tb_leakage_high,AA_3,leakage_high,2uA_range_vdd_1.050V_dvdd_1.800V_0.0ns,0.006_uA
tb_leakage_high,AA_4,leakage_high,2uA_range_vdd_1.050V_dvdd_1.800V_0.0ns,0.006_uA
tb_leakage_high,AA_5,leakage_high,2uA_range_vdd_1.050V_dvdd_1.800V_0.0ns,0.000_uA
tb_leakage_high,AA_6,leakage_high,2uA_range_vdd_1.050V_dvdd_1.800V_0.0ns,0.012_uA
tb_leakage_high,AA_7,leakage_high,2uA_range_vdd_1.050V_dvdd_1.800V_0.0ns,0.000_uA
tb_leakage_high,AA_8,leakage_high,2uA_range_vdd_1.050V_dvdd_1.800V_0.0ns,0.012_uA
tb_leakage_high,AA_9,leakage_high,2uA_range_vdd_1.050V_dvdd_1.800V_0.0ns,0.000_uA
tb_leakage_high,AA_10,leakage_high,2uA_range_vdd_1.050V_dvdd_1.800V_0.0ns,0.012_uA
tb_leakage_high,AA_11,leakage_high,2uA_range_vdd_1.050V_dvdd_1.800V_0.0ns,0.006_uA
tb_leakage_high,AA_12,leakage_high,2uA_range_vdd_1.050V_dvdd_1.800V_0.0ns,0.000_uA
tb_leakage_high,AA_13,leakage_high,2uA_range_vdd_1.050V_dvdd_1.800V_0.0ns,0.006_uA
tb_leakage_high,AA_14,leakage_high,2uA_range_vdd_1.050V_dvdd_1.800V_0.0ns,0.006_uA
tb_leakage_high,AA_15,leakage_high,2uA_range_vdd_1.050V_dvdd_1.800V_0.0ns,0.006_uA
tb_leakage_high,AB_0,leakage_high,2uA_range_vdd_1.050V_dvdd_1.800V_0.0ns,0.000_uA
tb_leakage_high,AB_1,leakage_high,2uA_range_vdd_1.050V_dvdd_1.800V_0.0ns,0.000_uA
tb_leakage_high,AB_2,leakage_high,2uA_range_vdd_1.050V_dvdd_1.800V_0.0ns,0.006_uA
tb_leakage_high,AB_3,leakage_high,2uA_range_vdd_1.050V_dvdd_1.800V_0.0ns,0.000_uA
tb_leakage_high,AB_4,leakage_high,2uA_range_vdd_1.050V_dvdd_1.800V_0.0ns,0.000_uA
tb_leakage_high,AB_5,leakage_high,2uA_range_vdd_1.050V_dvdd_1.800V_0.0ns,0.006_uA
tb_leakage_high,AB_6,leakage_high,2uA_range_vdd_1.050V_dvdd_1.800V_0.0ns,0.012_uA
tb_leakage_high,AB_7,leakage_high,2uA_range_vdd_1.050V_dvdd_1.800V_0.0ns,0.006_uA
tb_leakage_high,AB_8,leakage_high,2uA_range_vdd_1.050V_dvdd_1.800V_0.0ns,0.006_uA
tb_leakage_high,AB_9,leakage_high,2uA_range_vdd_1.050V_dvdd_1.800V_0.0ns,0.006_uA
tb_leakage_high,AB_10,leakage_high,2uA_range_vdd_1.050V_dvdd_1.800V_0.0ns,0.000_uA
tb_leakage_high,AB_11,leakage_high,2uA_range_vdd_1.050V_dvdd_1.800V_0.0ns,0.019_uA
tb_leakage_high,AB_12,leakage_high,2uA_range_vdd_1.050V_dvdd_1.800V_0.0ns,0.000_uA
tb_leakage_high,ACC_ENABLE,leakage_high,2uA_range_vdd_1.050V_dvdd_1.800V_0.0ns,0.000_uA
tb_leakage_high,ACC_RESETN,leakage_high,2uA_range_vdd_1.050V_dvdd_1.800V_0.0ns,0.019_uA
tb_leakage_high,ACC_SEL_0,leakage_high,2uA_range_vdd_1.050V_dvdd_1.800V_0.0ns,0.006_uA
tb_leakage_high,ACC_SEL_1,leakage_high,2uA_range_vdd_1.050V_dvdd_1.800V_0.0ns,0.012_uA
tb_leakage_high,ACC_SEL_2,leakage_high,2uA_range_vdd_1.050V_dvdd_1.800V_0.0ns,0.000_uA
tb_leakage_high,ACC_SEL_3,leakage_high,2uA_range_vdd_1.050V_dvdd_1.800V_0.0ns,0.006_uA
tb_leakage_high,ACC_SEL_4,leakage_high,2uA_range_vdd_1.050V_dvdd_1.800V_0.0ns,0.000_uA
tb_leakage_high,ADA,leakage_high,2uA_range_vdd_1.050V_dvdd_1.800V_0.0ns,0.006_uA
tb_leakage_high,BIST_CLK_SEL,leakage_high,2uA_range_vdd_1.050V_dvdd_1.800V_0.0ns,0.031_uA
tb_leakage_high,BIST_SE,leakage_high,2uA_range_vdd_1.050V_dvdd_1.800V_0.0ns,0.000_uA
tb_leakage_high,BIST_SI_0,leakage_high,2uA_range_vdd_1.050V_dvdd_1.800V_0.0ns,0.006_uA
tb_leakage_high,BIST_SI_1,leakage_high,2uA_range_vdd_1.050V_dvdd_1.800V_0.0ns,0.006_uA
tb_leakage_high,BIST_SI_2,leakage_high,2uA_range_vdd_1.050V_dvdd_1.800V_0.0ns,0.000_uA
tb_leakage_high,BIST_SI_3,leakage_high,2uA_range_vdd_1.050V_dvdd_1.800V_0.0ns,0.006_uA
tb_leakage_high,CENA,leakage_high,2uA_range_vdd_1.050V_dvdd_1.800V_0.0ns,0.006_uA
tb_leakage_high,CENB,leakage_high,2uA_range_vdd_1.050V_dvdd_1.800V_0.0ns,0.000_uA
tb_leakage_high,CLKA,leakage_high,2uA_range_vdd_1.050V_dvdd_1.800V_0.0ns,0.012_uA
tb_leakage_high,CLKB,leakage_high,2uA_range_vdd_1.050V_dvdd_1.800V_0.0ns,0.006_uA
tb_leakage_high,CLKSC,leakage_high,2uA_range_vdd_1.050V_dvdd_1.800V_0.0ns,0.012_uA
tb_leakage_high,CRE1,leakage_high,2uA_range_vdd_1.050V_dvdd_1.800V_0.0ns,0.000_uA
tb_leakage_high,CRE2,leakage_high,2uA_range_vdd_1.050V_dvdd_1.800V_0.0ns,0.000_uA
tb_leakage_high,DA_0,leakage_high,2uA_range_vdd_1.050V_dvdd_1.800V_0.0ns,0.006_uA
tb_leakage_high,DA_1,leakage_high,2uA_range_vdd_1.050V_dvdd_1.800V_0.0ns,0.006_uA
tb_leakage_high,DA_2,leakage_high,2uA_range_vdd_1.050V_dvdd_1.800V_0.0ns,0.000_uA
tb_leakage_high,DA_3,leakage_high,2uA_range_vdd_1.050V_dvdd_1.800V_0.0ns,0.012_uA
tb_leakage_high,DB_0,leakage_high,2uA_range_vdd_1.050V_dvdd_1.800V_0.0ns,0.006_uA
tb_leakage_high,DB_1,leakage_high,2uA_range_vdd_1.050V_dvdd_1.800V_0.0ns,0.006_uA
tb_leakage_high,DB_2,leakage_high,2uA_range_vdd_1.050V_dvdd_1.800V_0.0ns,0.006_uA
tb_leakage_high,DB_3,leakage_high,2uA_range_vdd_1.050V_dvdd_1.800V_0.0ns,0.006_uA
tb_leakage_high,DFTRAMBYP,leakage_high,2uA_range_vdd_1.050V_dvdd_1.800V_0.0ns,0.000_uA
tb_leakage_high,ECEN,leakage_high,2uA_range_vdd_1.050V_dvdd_1.800V_0.0ns,0.000_uA
tb_leakage_high,EMAA_0,leakage_high,2uA_range_vdd_1.050V_dvdd_1.800V_0.0ns,0.006_uA
tb_leakage_high,EMAA_1,leakage_high,2uA_range_vdd_1.050V_dvdd_1.800V_0.0ns,0.006_uA
tb_leakage_high,EMAA_2,leakage_high,2uA_range_vdd_1.050V_dvdd_1.800V_0.0ns,0.006_uA
tb_leakage_high,EMAB_0,leakage_high,2uA_range_vdd_1.050V_dvdd_1.800V_0.0ns,0.006_uA
tb_leakage_high,EMAB_1,leakage_high,2uA_range_vdd_1.050V_dvdd_1.800V_0.0ns,0.006_uA
tb_leakage_high,EMAB_2,leakage_high,2uA_range_vdd_1.050V_dvdd_1.800V_0.0ns,0.006_uA
tb_leakage_high,EMAP,leakage_high,2uA_range_vdd_1.050V_dvdd_1.800V_0.0ns,0.000_uA
tb_leakage_high,EMASA,leakage_high,2uA_range_vdd_1.050V_dvdd_1.800V_0.0ns,0.006_uA
tb_leakage_high,EMAWA_0,leakage_high,2uA_range_vdd_1.050V_dvdd_1.800V_0.0ns,0.006_uA
tb_leakage_high,EMAWA_1,leakage_high,2uA_range_vdd_1.050V_dvdd_1.800V_0.0ns,0.006_uA
tb_leakage_high,EXT_CLK_SEL_0,leakage_high,2uA_range_vdd_1.050V_dvdd_1.800V_0.0ns,0.012_uA
tb_leakage_high,EXT_CLK_SEL_1,leakage_high,2uA_range_vdd_1.050V_dvdd_1.800V_0.0ns,0.006_uA
tb_leakage_high,FF_CLK,leakage_high,2uA_range_vdd_1.050V_dvdd_1.800V_0.0ns,0.000_uA
tb_leakage_high,FF_EN,leakage_high,2uA_range_vdd_1.050V_dvdd_1.800V_0.0ns,0.012_uA
tb_leakage_high,GWENA,leakage_high,2uA_range_vdd_1.050V_dvdd_1.800V_0.0ns,0.012_uA
tb_leakage_high,GWENB,leakage_high,2uA_range_vdd_1.050V_dvdd_1.800V_0.0ns,0.000_uA
tb_leakage_high,KEN,leakage_high,2uA_range_vdd_1.050V_dvdd_1.800V_0.0ns,0.006_uA
tb_leakage_high,LATECANCEL,leakage_high,2uA_range_vdd_1.050V_dvdd_1.800V_0.0ns,0.006_uA
tb_leakage_high,LRENA_0,leakage_high,2uA_range_vdd_1.050V_dvdd_1.800V_0.0ns,0.000_uA
tb_leakage_high,LRENA_1,leakage_high,2uA_range_vdd_1.050V_dvdd_1.800V_0.0ns,0.000_uA
tb_leakage_high,LRENB_0,leakage_high,2uA_range_vdd_1.050V_dvdd_1.800V_0.0ns,0.012_uA
tb_leakage_high,LRENB_1,leakage_high,2uA_range_vdd_1.050V_dvdd_1.800V_0.0ns,0.006_uA
tb_leakage_high,LV_3RD_PARTY_TM_OR_B,leakage_high,2uA_range_vdd_1.050V_dvdd_1.800V_0.0ns,0.006_uA
tb_leakage_high,OSC_EN,leakage_high,2uA_range_vdd_1.050V_dvdd_1.800V_0.0ns,0.006_uA
tb_leakage_high,OUTPUT_SEL_0,leakage_high,2uA_range_vdd_1.050V_dvdd_1.800V_0.0ns,0.006_uA
tb_leakage_high,OUTPUT_SEL_1,leakage_high,2uA_range_vdd_1.050V_dvdd_1.800V_0.0ns,0.012_uA
tb_leakage_high,OUTPUT_SEL_2,leakage_high,2uA_range_vdd_1.050V_dvdd_1.800V_0.0ns,0.000_uA
tb_leakage_high,PGEN,leakage_high,2uA_range_vdd_1.050V_dvdd_1.800V_0.0ns,0.006_uA
tb_leakage_high,PLL_FREF,leakage_high,2uA_range_vdd_1.050V_dvdd_1.800V_0.0ns,0.000_uA
tb_leakage_high,PLL_PD,leakage_high,2uA_range_vdd_1.050V_dvdd_1.800V_0.0ns,0.006_uA
tb_leakage_high,PLL_REFDIV_0,leakage_high,2uA_range_vdd_1.050V_dvdd_1.800V_0.0ns,0.000_uA
tb_leakage_high,PLL_REFDIV_1,leakage_high,2uA_range_vdd_1.050V_dvdd_1.800V_0.0ns,0.019_uA
tb_leakage_high,PLL_REFDIV_2,leakage_high,2uA_range_vdd_1.050V_dvdd_1.800V_0.0ns,0.000_uA
tb_leakage_high,PLL_REFDIV_3,leakage_high,2uA_range_vdd_1.050V_dvdd_1.800V_0.0ns,0.006_uA
tb_leakage_high,PLL_REFDIV_4,leakage_high,2uA_range_vdd_1.050V_dvdd_1.800V_0.0ns,0.006_uA
tb_leakage_high,PLL_REFDIV_5,leakage_high,2uA_range_vdd_1.050V_dvdd_1.800V_0.0ns,0.019_uA
tb_leakage_high,POSTDIV1_0,leakage_high,2uA_range_vdd_1.050V_dvdd_1.800V_0.0ns,0.006_uA
tb_leakage_high,POSTDIV1_1,leakage_high,2uA_range_vdd_1.050V_dvdd_1.800V_0.0ns,0.006_uA
tb_leakage_high,POSTDIV1_2,leakage_high,2uA_range_vdd_1.050V_dvdd_1.800V_0.0ns,0.006_uA
tb_leakage_high,RAWL,leakage_high,2uA_range_vdd_1.050V_dvdd_1.800V_0.0ns,0.012_uA
tb_leakage_high,RAWLM_0,leakage_high,2uA_range_vdd_1.050V_dvdd_1.800V_0.0ns,0.006_uA
tb_leakage_high,RAWLM_1,leakage_high,2uA_range_vdd_1.050V_dvdd_1.800V_0.0ns,0.000_uA
tb_leakage_high,RDTA,leakage_high,2uA_range_vdd_1.050V_dvdd_1.800V_0.0ns,0.006_uA
tb_leakage_high,RET1N,leakage_high,2uA_range_vdd_1.050V_dvdd_1.800V_0.0ns,0.000_uA
tb_leakage_high,RET2N,leakage_high,2uA_range_vdd_1.050V_dvdd_1.800V_0.0ns,0.006_uA
tb_leakage_high,SC_RESETN,leakage_high,2uA_range_vdd_1.050V_dvdd_1.800V_0.0ns,0.006_uA
tb_leakage_high,SEL_0,leakage_high,2uA_range_vdd_1.050V_dvdd_1.800V_0.0ns,0.012_uA
tb_leakage_high,SEL_1,leakage_high,2uA_range_vdd_1.050V_dvdd_1.800V_0.0ns,0.000_uA
tb_leakage_high,SEL_2,leakage_high,2uA_range_vdd_1.050V_dvdd_1.800V_0.0ns,0.006_uA
tb_leakage_high,SEL_3,leakage_high,2uA_range_vdd_1.050V_dvdd_1.800V_0.0ns,0.012_uA
tb_leakage_high,SEL_4,leakage_high,2uA_range_vdd_1.050V_dvdd_1.800V_0.0ns,0.012_uA
tb_leakage_high,SEL_5,leakage_high,2uA_range_vdd_1.050V_dvdd_1.800V_0.0ns,0.006_uA
tb_leakage_high,SEL_6,leakage_high,2uA_range_vdd_1.050V_dvdd_1.800V_0.0ns,0.012_uA
tb_leakage_high,SEL_7,leakage_high,2uA_range_vdd_1.050V_dvdd_1.800V_0.0ns,0.006_uA
tb_leakage_high,SEL_8,leakage_high,2uA_range_vdd_1.050V_dvdd_1.800V_0.0ns,0.000_uA
tb_leakage_high,SEL_9,leakage_high,2uA_range_vdd_1.050V_dvdd_1.800V_0.0ns,0.000_uA
tb_leakage_high,SEL_10,leakage_high,2uA_range_vdd_1.050V_dvdd_1.800V_0.0ns,0.000_uA
tb_leakage_high,SEL_11,leakage_high,2uA_range_vdd_1.050V_dvdd_1.800V_0.0ns,0.006_uA
tb_leakage_high,SEL_12,leakage_high,2uA_range_vdd_1.050V_dvdd_1.800V_0.0ns,0.012_uA
tb_leakage_high,SEL_13,leakage_high,2uA_range_vdd_1.050V_dvdd_1.800V_0.0ns,0.019_uA
tb_leakage_high,SE_MEM,leakage_high,2uA_range_vdd_1.050V_dvdd_1.800V_0.0ns,0.000_uA
tb_leakage_high,SI_MEM_0,leakage_high,2uA_range_vdd_1.050V_dvdd_1.800V_0.0ns,0.006_uA
tb_leakage_high,SI_MEM_1,leakage_high,2uA_range_vdd_1.050V_dvdd_1.800V_0.0ns,0.012_uA
tb_leakage_high,STOV,leakage_high,2uA_range_vdd_1.050V_dvdd_1.800V_0.0ns,0.012_uA
tb_leakage_high,STOVAB,leakage_high,2uA_range_vdd_1.050V_dvdd_1.800V_0.0ns,0.012_uA
tb_leakage_high,SUHD_ADWC_0,leakage_high,2uA_range_vdd_1.050V_dvdd_1.800V_0.0ns,0.000_uA
tb_leakage_high,SUHD_ADWC_1,leakage_high,2uA_range_vdd_1.050V_dvdd_1.800V_0.0ns,0.000_uA
tb_leakage_high,SUHD_ADWC_2,leakage_high,2uA_range_vdd_1.050V_dvdd_1.800V_0.0ns,0.006_uA
tb_leakage_high,SUHD_BIT,leakage_high,2uA_range_vdd_1.050V_dvdd_1.800V_0.0ns,0.006_uA
tb_leakage_high,SUHD_DATA,leakage_high,2uA_range_vdd_1.050V_dvdd_1.800V_0.0ns,0.006_uA
tb_leakage_high,SUHD_ENABLE,leakage_high,2uA_range_vdd_1.050V_dvdd_1.800V_0.0ns,0.006_uA
tb_leakage_high,SUHD_MODE,leakage_high,2uA_range_vdd_1.050V_dvdd_1.800V_0.0ns,0.006_uA
tb_leakage_high,SUHD_SKEW_0,leakage_high,2uA_range_vdd_1.050V_dvdd_1.800V_0.0ns,0.012_uA
tb_leakage_high,SUHD_SKEW_1,leakage_high,2uA_range_vdd_1.050V_dvdd_1.800V_0.0ns,0.006_uA
tb_leakage_high,SUHD_SKEW_2,leakage_high,2uA_range_vdd_1.050V_dvdd_1.800V_0.0ns,0.006_uA
tb_leakage_high,SUHD_SKEW_3,leakage_high,2uA_range_vdd_1.050V_dvdd_1.800V_0.0ns,0.000_uA
tb_leakage_high,SUHD_SKEW_4,leakage_high,2uA_range_vdd_1.050V_dvdd_1.800V_0.0ns,0.006_uA
tb_leakage_high,SUHD_SKEW_5,leakage_high,2uA_range_vdd_1.050V_dvdd_1.800V_0.0ns,0.012_uA
tb_leakage_high,SUHD_SKEW_6,leakage_high,2uA_range_vdd_1.050V_dvdd_1.800V_0.0ns,0.006_uA
tb_leakage_high,TCK,leakage_high,2uA_range_vdd_1.050V_dvdd_1.800V_0.0ns,0.006_uA
tb_leakage_high,TDI,leakage_high,2uA_range_vdd_1.050V_dvdd_1.800V_0.0ns,0.006_uA
tb_leakage_high,TMS,leakage_high,2uA_range_vdd_1.050V_dvdd_1.800V_0.0ns,0.006_uA
tb_leakage_high,TRSTN,leakage_high,2uA_range_vdd_1.050V_dvdd_1.800V_0.0ns,0.006_uA
tb_leakage_high,WABL,leakage_high,2uA_range_vdd_1.050V_dvdd_1.800V_0.0ns,0.006_uA
tb_leakage_high,WABLM_0,leakage_high,2uA_range_vdd_1.050V_dvdd_1.800V_0.0ns,0.000_uA
tb_leakage_high,WABLM_1,leakage_high,2uA_range_vdd_1.050V_dvdd_1.800V_0.0ns,0.006_uA
tb_leakage_high,WENA_0,leakage_high,2uA_range_vdd_1.050V_dvdd_1.800V_0.0ns,0.006_uA
tb_leakage_high,WENA_1,leakage_high,2uA_range_vdd_1.050V_dvdd_1.800V_0.0ns,0.006_uA
tb_leakage_high,WENB_0,leakage_high,2uA_range_vdd_1.050V_dvdd_1.800V_0.0ns,0.012_uA
tb_leakage_high,WENB_1,leakage_high,2uA_range_vdd_1.050V_dvdd_1.800V_0.0ns,0.006_uA
tb_leakage_low,AA_0,leakage_low,2uA_range_vdd_1.050V_dvdd_1.800V_0.0ns,0.003_uA
tb_leakage_low,AA_1,leakage_low,2uA_range_vdd_1.050V_dvdd_1.800V_0.0ns,0.005_uA
tb_leakage_low,AA_2,leakage_low,2uA_range_vdd_1.050V_dvdd_1.800V_0.0ns,0.002_uA
tb_leakage_low,AA_3,leakage_low,2uA_range_vdd_1.050V_dvdd_1.800V_0.0ns,0.003_uA
tb_leakage_low,AA_4,leakage_low,2uA_range_vdd_1.050V_dvdd_1.800V_0.0ns,0.003_uA
tb_leakage_low,AA_5,leakage_low,2uA_range_vdd_1.050V_dvdd_1.800V_0.0ns,0.003_uA
tb_leakage_low,AA_6,leakage_low,2uA_range_vdd_1.050V_dvdd_1.800V_0.0ns,0.001_uA
tb_leakage_low,AA_7,leakage_low,2uA_range_vdd_1.050V_dvdd_1.800V_0.0ns,0.002_uA
tb_leakage_low,AA_8,leakage_low,2uA_range_vdd_1.050V_dvdd_1.800V_0.0ns,0.002_uA
tb_leakage_low,AA_9,leakage_low,2uA_range_vdd_1.050V_dvdd_1.800V_0.0ns,0.004_uA
tb_leakage_low,AA_10,leakage_low,2uA_range_vdd_1.050V_dvdd_1.800V_0.0ns,0.002_uA
tb_leakage_low,AA_11,leakage_low,2uA_range_vdd_1.050V_dvdd_1.800V_0.0ns,0.004_uA
tb_leakage_low,AA_12,leakage_low,2uA_range_vdd_1.050V_dvdd_1.800V_0.0ns,0.002_uA
tb_leakage_low,AA_13,leakage_low,2uA_range_vdd_1.050V_dvdd_1.800V_0.0ns,0.002_uA
tb_leakage_low,AA_14,leakage_low,2uA_range_vdd_1.050V_dvdd_1.800V_0.0ns,0.001_uA
tb_leakage_low,AA_15,leakage_low,2uA_range_vdd_1.050V_dvdd_1.800V_0.0ns,0.002_uA
tb_leakage_low,AB_0,leakage_low,2uA_range_vdd_1.050V_dvdd_1.800V_0.0ns,0.001_uA
tb_leakage_low,AB_1,leakage_low,2uA_range_vdd_1.050V_dvdd_1.800V_0.0ns,0.003_uA
tb_leakage_low,AB_2,leakage_low,2uA_range_vdd_1.050V_dvdd_1.800V_0.0ns,0.000_uA
tb_leakage_low,AB_3,leakage_low,2uA_range_vdd_1.050V_dvdd_1.800V_0.0ns,0.003_uA
tb_leakage_low,AB_4,leakage_low,2uA_range_vdd_1.050V_dvdd_1.800V_0.0ns,0.003_uA
tb_leakage_low,AB_5,leakage_low,2uA_range_vdd_1.050V_dvdd_1.800V_0.0ns,0.001_uA
tb_leakage_low,AB_6,leakage_low,2uA_range_vdd_1.050V_dvdd_1.800V_0.0ns,0.003_uA
tb_leakage_low,AB_7,leakage_low,2uA_range_vdd_1.050V_dvdd_1.800V_0.0ns,0.003_uA
tb_leakage_low,AB_8,leakage_low,2uA_range_vdd_1.050V_dvdd_1.800V_0.0ns,0.001_uA
tb_leakage_low,AB_9,leakage_low,2uA_range_vdd_1.050V_dvdd_1.800V_0.0ns,0.002_uA
tb_leakage_low,AB_10,leakage_low,2uA_range_vdd_1.050V_dvdd_1.800V_0.0ns,0.003_uA
tb_leakage_low,AB_11,leakage_low,2uA_range_vdd_1.050V_dvdd_1.800V_0.0ns,0.004_uA
tb_leakage_low,AB_12,leakage_low,2uA_range_vdd_1.050V_dvdd_1.800V_0.0ns,0.004_uA
tb_leakage_low,ACC_ENABLE,leakage_low,2uA_range_vdd_1.050V_dvdd_1.800V_0.0ns,0.002_uA
tb_leakage_low,ACC_RESETN,leakage_low,2uA_range_vdd_1.050V_dvdd_1.800V_0.0ns,0.004_uA
tb_leakage_low,ACC_SEL_0,leakage_low,2uA_range_vdd_1.050V_dvdd_1.800V_0.0ns,0.001_uA
tb_leakage_low,ACC_SEL_1,leakage_low,2uA_range_vdd_1.050V_dvdd_1.800V_0.0ns,0.001_uA
tb_leakage_low,ACC_SEL_2,leakage_low,2uA_range_vdd_1.050V_dvdd_1.800V_0.0ns,0.003_uA
tb_leakage_low,ACC_SEL_3,leakage_low,2uA_range_vdd_1.050V_dvdd_1.800V_0.0ns,0.002_uA
tb_leakage_low,ACC_SEL_4,leakage_low,2uA_range_vdd_1.050V_dvdd_1.800V_0.0ns,0.003_uA
tb_leakage_low,ADA,leakage_low,2uA_range_vdd_1.050V_dvdd_1.800V_0.0ns,0.004_uA
tb_leakage_low,BIST_CLK_SEL,leakage_low,2uA_range_vdd_1.050V_dvdd_1.800V_0.0ns,0.002_uA
tb_leakage_low,BIST_SE,leakage_low,2uA_range_vdd_1.050V_dvdd_1.800V_0.0ns,0.002_uA
tb_leakage_low,BIST_SI_0,leakage_low,2uA_range_vdd_1.050V_dvdd_1.800V_0.0ns,0.004_uA
tb_leakage_low,BIST_SI_1,leakage_low,2uA_range_vdd_1.050V_dvdd_1.800V_0.0ns,0.004_uA
tb_leakage_low,BIST_SI_2,leakage_low,2uA_range_vdd_1.050V_dvdd_1.800V_0.0ns,0.005_uA
tb_leakage_low,BIST_SI_3,leakage_low,2uA_range_vdd_1.050V_dvdd_1.800V_0.0ns,0.003_uA
tb_leakage_low,CENA,leakage_low,2uA_range_vdd_1.050V_dvdd_1.800V_0.0ns,0.002_uA
tb_leakage_low,CENB,leakage_low,2uA_range_vdd_1.050V_dvdd_1.800V_0.0ns,0.005_uA
tb_leakage_low,CLKA,leakage_low,2uA_range_vdd_1.050V_dvdd_1.800V_0.0ns,0.001_uA
tb_leakage_low,CLKB,leakage_low,2uA_range_vdd_1.050V_dvdd_1.800V_0.0ns,0.002_uA
tb_leakage_low,CLKSC,leakage_low,2uA_range_vdd_1.050V_dvdd_1.800V_0.0ns,0.001_uA
tb_leakage_low,CRE1,leakage_low,2uA_range_vdd_1.050V_dvdd_1.800V_0.0ns,0.002_uA
tb_leakage_low,CRE2,leakage_low,2uA_range_vdd_1.050V_dvdd_1.800V_0.0ns,0.002_uA
tb_leakage_low,DA_0,leakage_low,2uA_range_vdd_1.050V_dvdd_1.800V_0.0ns,0.004_uA
tb_leakage_low,DA_1,leakage_low,2uA_range_vdd_1.050V_dvdd_1.800V_0.0ns,0.004_uA
tb_leakage_low,DA_2,leakage_low,2uA_range_vdd_1.050V_dvdd_1.800V_0.0ns,0.003_uA
tb_leakage_low,DA_3,leakage_low,2uA_range_vdd_1.050V_dvdd_1.800V_0.0ns,0.003_uA
tb_leakage_low,DB_0,leakage_low,2uA_range_vdd_1.050V_dvdd_1.800V_0.0ns,0.001_uA
tb_leakage_low,DB_1,leakage_low,2uA_range_vdd_1.050V_dvdd_1.800V_0.0ns,0.003_uA
tb_leakage_low,DB_2,leakage_low,2uA_range_vdd_1.050V_dvdd_1.800V_0.0ns,0.002_uA
tb_leakage_low,DB_3,leakage_low,2uA_range_vdd_1.050V_dvdd_1.800V_0.0ns,0.001_uA
tb_leakage_low,DFTRAMBYP,leakage_low,2uA_range_vdd_1.050V_dvdd_1.800V_0.0ns,0.000_uA
tb_leakage_low,ECEN,leakage_low,2uA_range_vdd_1.050V_dvdd_1.800V_0.0ns,0.002_uA
tb_leakage_low,EMAA_0,leakage_low,2uA_range_vdd_1.050V_dvdd_1.800V_0.0ns,0.001_uA
tb_leakage_low,EMAA_1,leakage_low,2uA_range_vdd_1.050V_dvdd_1.800V_0.0ns,0.002_uA
tb_leakage_low,EMAA_2,leakage_low,2uA_range_vdd_1.050V_dvdd_1.800V_0.0ns,0.002_uA
tb_leakage_low,EMAB_0,leakage_low,2uA_range_vdd_1.050V_dvdd_1.800V_0.0ns,0.001_uA
tb_leakage_low,EMAB_1,leakage_low,2uA_range_vdd_1.050V_dvdd_1.800V_0.0ns,0.002_uA
tb_leakage_low,EMAB_2,leakage_low,2uA_range_vdd_1.050V_dvdd_1.800V_0.0ns,0.001_uA
tb_leakage_low,EMAP,leakage_low,2uA_range_vdd_1.050V_dvdd_1.800V_0.0ns,0.004_uA
tb_leakage_low,EMASA,leakage_low,2uA_range_vdd_1.050V_dvdd_1.800V_0.0ns,0.003_uA
tb_leakage_low,EMAWA_0,leakage_low,2uA_range_vdd_1.050V_dvdd_1.800V_0.0ns,0.003_uA
tb_leakage_low,EMAWA_1,leakage_low,2uA_range_vdd_1.050V_dvdd_1.800V_0.0ns,0.003_uA
tb_leakage_low,EXT_CLK_SEL_0,leakage_low,2uA_range_vdd_1.050V_dvdd_1.800V_0.0ns,0.001_uA
tb_leakage_low,EXT_CLK_SEL_1,leakage_low,2uA_range_vdd_1.050V_dvdd_1.800V_0.0ns,0.000_uA
tb_leakage_low,FF_CLK,leakage_low,2uA_range_vdd_1.050V_dvdd_1.800V_0.0ns,0.004_uA
tb_leakage_low,FF_EN,leakage_low,2uA_range_vdd_1.050V_dvdd_1.800V_0.0ns,0.003_uA
tb_leakage_low,GWENA,leakage_low,2uA_range_vdd_1.050V_dvdd_1.800V_0.0ns,0.003_uA
tb_leakage_low,GWENB,leakage_low,2uA_range_vdd_1.050V_dvdd_1.800V_0.0ns,0.003_uA
tb_leakage_low,KEN,leakage_low,2uA_range_vdd_1.050V_dvdd_1.800V_0.0ns,0.003_uA
tb_leakage_low,LATECANCEL,leakage_low,2uA_range_vdd_1.050V_dvdd_1.800V_0.0ns,0.003_uA
tb_leakage_low,LRENA_0,leakage_low,2uA_range_vdd_1.050V_dvdd_1.800V_0.0ns,0.005_uA
tb_leakage_low,LRENA_1,leakage_low,2uA_range_vdd_1.050V_dvdd_1.800V_0.0ns,0.005_uA
tb_leakage_low,LRENB_0,leakage_low,2uA_range_vdd_1.050V_dvdd_1.800V_0.0ns,0.003_uA
tb_leakage_low,LRENB_1,leakage_low,2uA_range_vdd_1.050V_dvdd_1.800V_0.0ns,0.005_uA
tb_leakage_low,LV_3RD_PARTY_TM_OR_B,leakage_low,2uA_range_vdd_1.050V_dvdd_1.800V_0.0ns,0.001_uA
tb_leakage_low,OSC_EN,leakage_low,2uA_range_vdd_1.050V_dvdd_1.800V_0.0ns,0.003_uA
tb_leakage_low,OUTPUT_SEL_0,leakage_low,2uA_range_vdd_1.050V_dvdd_1.800V_0.0ns,0.004_uA
tb_leakage_low,OUTPUT_SEL_1,leakage_low,2uA_range_vdd_1.050V_dvdd_1.800V_0.0ns,0.001_uA
tb_leakage_low,OUTPUT_SEL_2,leakage_low,2uA_range_vdd_1.050V_dvdd_1.800V_0.0ns,0.004_uA
tb_leakage_low,PGEN,leakage_low,2uA_range_vdd_1.050V_dvdd_1.800V_0.0ns,0.004_uA
tb_leakage_low,PLL_FREF,leakage_low,2uA_range_vdd_1.050V_dvdd_1.800V_0.0ns,0.003_uA
tb_leakage_low,PLL_PD,leakage_low,2uA_range_vdd_1.050V_dvdd_1.800V_0.0ns,0.004_uA
tb_leakage_low,PLL_REFDIV_0,leakage_low,2uA_range_vdd_1.050V_dvdd_1.800V_0.0ns,0.004_uA
tb_leakage_low,PLL_REFDIV_1,leakage_low,2uA_range_vdd_1.050V_dvdd_1.800V_0.0ns,0.002_uA
tb_leakage_low,PLL_REFDIV_2,leakage_low,2uA_range_vdd_1.050V_dvdd_1.800V_0.0ns,0.003_uA
tb_leakage_low,PLL_REFDIV_3,leakage_low,2uA_range_vdd_1.050V_dvdd_1.800V_0.0ns,0.002_uA
tb_leakage_low,PLL_REFDIV_4,leakage_low,2uA_range_vdd_1.050V_dvdd_1.800V_0.0ns,0.004_uA
tb_leakage_low,PLL_REFDIV_5,leakage_low,2uA_range_vdd_1.050V_dvdd_1.800V_0.0ns,0.003_uA
tb_leakage_low,POSTDIV1_0,leakage_low,2uA_range_vdd_1.050V_dvdd_1.800V_0.0ns,0.003_uA
tb_leakage_low,POSTDIV1_1,leakage_low,2uA_range_vdd_1.050V_dvdd_1.800V_0.0ns,0.003_uA
tb_leakage_low,POSTDIV1_2,leakage_low,2uA_range_vdd_1.050V_dvdd_1.800V_0.0ns,0.002_uA
tb_leakage_low,RAWL,leakage_low,2uA_range_vdd_1.050V_dvdd_1.800V_0.0ns,0.004_uA
tb_leakage_low,RAWLM_0,leakage_low,2uA_range_vdd_1.050V_dvdd_1.800V_0.0ns,0.001_uA
tb_leakage_low,RAWLM_1,leakage_low,2uA_range_vdd_1.050V_dvdd_1.800V_0.0ns,0.003_uA
tb_leakage_low,RDTA,leakage_low,2uA_range_vdd_1.050V_dvdd_1.800V_0.0ns,0.002_uA
tb_leakage_low,RET1N,leakage_low,2uA_range_vdd_1.050V_dvdd_1.800V_0.0ns,0.004_uA
tb_leakage_low,RET2N,leakage_low,2uA_range_vdd_1.050V_dvdd_1.800V_0.0ns,0.002_uA
tb_leakage_low,SC_RESETN,leakage_low,2uA_range_vdd_1.050V_dvdd_1.800V_0.0ns,0.005_uA
tb_leakage_low,SEL_0,leakage_low,2uA_range_vdd_1.050V_dvdd_1.800V_0.0ns,0.003_uA
tb_leakage_low,SEL_1,leakage_low,2uA_range_vdd_1.050V_dvdd_1.800V_0.0ns,0.002_uA
tb_leakage_low,SEL_2,leakage_low,2uA_range_vdd_1.050V_dvdd_1.800V_0.0ns,0.002_uA
tb_leakage_low,SEL_3,leakage_low,2uA_range_vdd_1.050V_dvdd_1.800V_0.0ns,0.002_uA
tb_leakage_low,SEL_4,leakage_low,2uA_range_vdd_1.050V_dvdd_1.800V_0.0ns,0.000_uA
tb_leakage_low,SEL_5,leakage_low,2uA_range_vdd_1.050V_dvdd_1.800V_0.0ns,0.003_uA
tb_leakage_low,SEL_6,leakage_low,2uA_range_vdd_1.050V_dvdd_1.800V_0.0ns,0.003_uA
tb_leakage_low,SEL_7,leakage_low,2uA_range_vdd_1.050V_dvdd_1.800V_0.0ns,0.002_uA
tb_leakage_low,SEL_8,leakage_low,2uA_range_vdd_1.050V_dvdd_1.800V_0.0ns,0.000_uA
tb_leakage_low,SEL_9,leakage_low,2uA_range_vdd_1.050V_dvdd_1.800V_0.0ns,0.002_uA
tb_leakage_low,SEL_10,leakage_low,2uA_range_vdd_1.050V_dvdd_1.800V_0.0ns,0.002_uA
tb_leakage_low,SEL_11,leakage_low,2uA_range_vdd_1.050V_dvdd_1.800V_0.0ns,0.004_uA
tb_leakage_low,SEL_12,leakage_low,2uA_range_vdd_1.050V_dvdd_1.800V_0.0ns,0.002_uA
tb_leakage_low,SEL_13,leakage_low,2uA_range_vdd_1.050V_dvdd_1.800V_0.0ns,0.000_uA
tb_leakage_low,SE_MEM,leakage_low,2uA_range_vdd_1.050V_dvdd_1.800V_0.0ns,0.003_uA
tb_leakage_low,SI_MEM_0,leakage_low,2uA_range_vdd_1.050V_dvdd_1.800V_0.0ns,0.000_uA
tb_leakage_low,SI_MEM_1,leakage_low,2uA_range_vdd_1.050V_dvdd_1.800V_0.0ns,0.000_uA
tb_leakage_low,STOV,leakage_low,2uA_range_vdd_1.050V_dvdd_1.800V_0.0ns,0.001_uA
tb_leakage_low,STOVAB,leakage_low,2uA_range_vdd_1.050V_dvdd_1.800V_0.0ns,0.005_uA
tb_leakage_low,SUHD_ADWC_0,leakage_low,2uA_range_vdd_1.050V_dvdd_1.800V_0.0ns,0.003_uA
tb_leakage_low,SUHD_ADWC_1,leakage_low,2uA_range_vdd_1.050V_dvdd_1.800V_0.0ns,0.002_uA
tb_leakage_low,SUHD_ADWC_2,leakage_low,2uA_range_vdd_1.050V_dvdd_1.800V_0.0ns,0.001_uA
tb_leakage_low,SUHD_BIT,leakage_low,2uA_range_vdd_1.050V_dvdd_1.800V_0.0ns,0.004_uA
tb_leakage_low,SUHD_DATA,leakage_low,2uA_range_vdd_1.050V_dvdd_1.800V_0.0ns,0.005_uA
tb_leakage_low,SUHD_ENABLE,leakage_low,2uA_range_vdd_1.050V_dvdd_1.800V_0.0ns,0.002_uA
tb_leakage_low,SUHD_MODE,leakage_low,2uA_range_vdd_1.050V_dvdd_1.800V_0.0ns,0.003_uA
tb_leakage_low,SUHD_SKEW_0,leakage_low,2uA_range_vdd_1.050V_dvdd_1.800V_0.0ns,0.002_uA
tb_leakage_low,SUHD_SKEW_1,leakage_low,2uA_range_vdd_1.050V_dvdd_1.800V_0.0ns,0.003_uA
tb_leakage_low,SUHD_SKEW_2,leakage_low,2uA_range_vdd_1.050V_dvdd_1.800V_0.0ns,0.003_uA
tb_leakage_low,SUHD_SKEW_3,leakage_low,2uA_range_vdd_1.050V_dvdd_1.800V_0.0ns,0.002_uA
tb_leakage_low,SUHD_SKEW_4,leakage_low,2uA_range_vdd_1.050V_dvdd_1.800V_0.0ns,0.003_uA
tb_leakage_low,SUHD_SKEW_5,leakage_low,2uA_range_vdd_1.050V_dvdd_1.800V_0.0ns,0.003_uA
tb_leakage_low,SUHD_SKEW_6,leakage_low,2uA_range_vdd_1.050V_dvdd_1.800V_0.0ns,0.003_uA
tb_leakage_low,TCK,leakage_low,2uA_range_vdd_1.050V_dvdd_1.800V_0.0ns,0.003_uA
tb_leakage_low,TDI,leakage_low,2uA_range_vdd_1.050V_dvdd_1.800V_0.0ns,0.003_uA
tb_leakage_low,TMS,leakage_low,2uA_range_vdd_1.050V_dvdd_1.800V_0.0ns,0.002_uA
tb_leakage_low,TRSTN,leakage_low,2uA_range_vdd_1.050V_dvdd_1.800V_0.0ns,0.003_uA
tb_leakage_low,WABL,leakage_low,2uA_range_vdd_1.050V_dvdd_1.800V_0.0ns,0.004_uA
tb_leakage_low,WABLM_0,leakage_low,2uA_range_vdd_1.050V_dvdd_1.800V_0.0ns,0.004_uA
tb_leakage_low,WABLM_1,leakage_low,2uA_range_vdd_1.050V_dvdd_1.800V_0.0ns,0.003_uA
tb_leakage_low,WENA_0,leakage_low,2uA_range_vdd_1.050V_dvdd_1.800V_0.0ns,0.004_uA
tb_leakage_low,WENA_1,leakage_low,2uA_range_vdd_1.050V_dvdd_1.800V_0.0ns,0.002_uA
tb_leakage_low,WENB_0,leakage_low,2uA_range_vdd_1.050V_dvdd_1.800V_0.0ns,0.003_uA
tb_leakage_low,WENB_1,leakage_low,2uA_range_vdd_1.050V_dvdd_1.800V_0.0ns,0.005_uA
