Test_Number,Test_Type,Testing_Item,Test_Type,Library,Range,Result,Test_Type_(Shmoo),Testing_Item_(Shmoo),Library_(Shmoo),Result_(Shmoo)
600,tb_sc_yd_vmin_shm,func_vec_stdcell,sc7p5mcpp96p,sfk_lvt_c16,pattern_vdd_0.495V_dvdd_0.900V_100.00nS,(P)
601,tb_sc_yd_vmin_shm,func_vec_stdcell,sc7p5mcpp96p,sfk_lvt_c18,pattern_vdd_0.495V_dvdd_0.900V_100.00nS,(P)
602,tb_sc_yd_vmin_shm,func_vec_stdcell,sc7p5mcpp96p,sfk_lvt_c20,pattern_vdd_0.495V_dvdd_0.900V_100.00nS,(P)
603,tb_sc_yd_vmin_shm,func_vec_stdcell,sc7p5mcpp96p,sfk_lvt_c24,pattern_vdd_0.495V_dvdd_0.900V_100.00nS,(P)
604,tb_sc_yd_vmin_shm,func_vec_stdcell,sc7p5mcpp96p,sfk_svt_c16,pattern_vdd_0.495V_dvdd_0.900V_100.00nS,(P)
605,tb_sc_yd_vmin_shm,func_vec_stdcell,sc7p5mcpp96p,sfk_svt_c18,pattern_vdd_0.495V_dvdd_0.900V_100.00nS,(P)
606,tb_sc_yd_vmin_shm,func_vec_stdcell,sc7p5mcpp96p,sfk_svt_c20,pattern_vdd_0.495V_dvdd_0.900V_100.00nS,(P)
607,tb_sc_yd_vmin_shm,func_vec_stdcell,sc7p5mcpp96p,sfk_svt_c24,pattern_vdd_0.495V_dvdd_0.900V_100.00nS,(P)
608,tb_sc_yd_vmin_shm,func_vec_stdcell,sc7p5mcpp96p,sfk_ulvt_c16,pattern_vdd_0.495V_dvdd_0.900V_100.00nS,(P)
609,tb_sc_yd_vmin_shm,func_vec_stdcell,sc7p5mcpp96p,sfk_ulvt_c18,pattern_vdd_0.495V_dvdd_0.900V_100.00nS,(P)
610,tb_sc_yd_vmin_shm,func_vec_stdcell,sc7p5mcpp96p,sfk_ulvt_c20,pattern_vdd_0.495V_dvdd_0.900V_100.00nS,(P)
611,tb_sc_yd_vmin_shm,func_vec_stdcell,sc7p5mcpp96p,sfk_ulvt_c24,pattern_vdd_0.495V_dvdd_0.900V_100.00nS,(P)
612,tb_sc_yd_vmin_shm,func_vec_stdcell,sc9mcpp96c,sfk_lvt_c16,pattern_vdd_0.495V_dvdd_0.900V_100.00nS,(P)
613,tb_sc_yd_vmin_shm,func_vec_stdcell,sc9mcpp96c,sfk_lvt_c18,pattern_vdd_0.495V_dvdd_0.900V_100.00nS,(P)
614,tb_sc_yd_vmin_shm,func_vec_stdcell,sc9mcpp96c,sfk_lvt_c20,pattern_vdd_0.495V_dvdd_0.900V_100.00nS,(P)
615,tb_sc_yd_vmin_shm,func_vec_stdcell,sc9mcpp96c,sfk_lvt_c24,pattern_vdd_0.495V_dvdd_0.900V_100.00nS,(P)
616,tb_sc_yd_vmin_shm,func_vec_stdcell,sc9mcpp96c,sfk_svt_c16,pattern_vdd_0.495V_dvdd_0.900V_100.00nS,(P)
617,tb_sc_yd_vmin_shm,func_vec_stdcell,sc9mcpp96c,sfk_svt_c18,pattern_vdd_0.495V_dvdd_0.900V_100.00nS,(P)
618,tb_sc_yd_vmin_shm,func_vec_stdcell,sc9mcpp96c,sfk_svt_c20,pattern_vdd_0.495V_dvdd_0.900V_100.00nS,(P)
619,tb_sc_yd_vmin_shm,func_vec_stdcell,sc9mcpp96c,sfk_svt_c24,pattern_vdd_0.495V_dvdd_0.900V_100.00nS,(P)
620,tb_sc_yd_vmin_shm,func_vec_stdcell,sc9mcpp96c,sfk_ulvt_c16,pattern_vdd_0.495V_dvdd_0.900V_100.00nS,(P)
621,tb_sc_yd_vmin_shm,func_vec_stdcell,sc9mcpp96c,sfk_ulvt_c18,pattern_vdd_0.495V_dvdd_0.900V_100.00nS,(P)
622,tb_sc_yd_vmin_shm,func_vec_stdcell,sc9mcpp96c,sfk_ulvt_c20,pattern_vdd_0.495V_dvdd_0.900V_100.00nS,(P)
623,tb_sc_yd_vmin_shm,func_vec_stdcell,sc9mcpp96c,sfk_ulvt_c24,pattern_vdd_0.495V_dvdd_0.900V_100.00nS,(P)
624,tb_sc_yd_vmin_shm,func_vec_stdcell,sc7p5mcpp96p,sfk_lvt_c16,pattern_vdd_0.540V_dvdd_1.200V_100.00nS,(P)
625,tb_sc_yd_vmin_shm,func_vec_stdcell,sc7p5mcpp96p,sfk_lvt_c18,pattern_vdd_0.540V_dvdd_1.200V_100.00nS,(P)
626,tb_sc_yd_vmin_shm,func_vec_stdcell,sc7p5mcpp96p,sfk_lvt_c20,pattern_vdd_0.540V_dvdd_1.200V_100.00nS,(P)
627,tb_sc_yd_vmin_shm,func_vec_stdcell,sc7p5mcpp96p,sfk_lvt_c24,pattern_vdd_0.540V_dvdd_1.200V_100.00nS,(P)
628,tb_sc_yd_vmin_shm,func_vec_stdcell,sc7p5mcpp96p,sfk_svt_c16,pattern_vdd_0.540V_dvdd_1.200V_100.00nS,(P)
629,tb_sc_yd_vmin_shm,func_vec_stdcell,sc7p5mcpp96p,sfk_svt_c18,pattern_vdd_0.540V_dvdd_1.200V_100.00nS,(P)
630,tb_sc_yd_vmin_shm,func_vec_stdcell,sc7p5mcpp96p,sfk_svt_c20,pattern_vdd_0.540V_dvdd_1.200V_100.00nS,(P)
631,tb_sc_yd_vmin_shm,func_vec_stdcell,sc7p5mcpp96p,sfk_svt_c24,pattern_vdd_0.540V_dvdd_1.200V_100.00nS,(P)
632,tb_sc_yd_vmin_shm,func_vec_stdcell,sc7p5mcpp96p,sfk_ulvt_c16,pattern_vdd_0.540V_dvdd_1.200V_100.00nS,(P)
633,tb_sc_yd_vmin_shm,func_vec_stdcell,sc7p5mcpp96p,sfk_ulvt_c18,pattern_vdd_0.540V_dvdd_1.200V_100.00nS,(P)
634,tb_sc_yd_vmin_shm,func_vec_stdcell,sc7p5mcpp96p,sfk_ulvt_c20,pattern_vdd_0.540V_dvdd_1.200V_100.00nS,(P)
635,tb_sc_yd_vmin_shm,func_vec_stdcell,sc7p5mcpp96p,sfk_ulvt_c24,pattern_vdd_0.540V_dvdd_1.200V_100.00nS,(P)
636,tb_sc_yd_vmin_shm,func_vec_stdcell,sc9mcpp96c,sfk_lvt_c16,pattern_vdd_0.540V_dvdd_1.200V_100.00nS,(P)
637,tb_sc_yd_vmin_shm,func_vec_stdcell,sc9mcpp96c,sfk_lvt_c18,pattern_vdd_0.540V_dvdd_1.200V_100.00nS,(P)
638,tb_sc_yd_vmin_shm,func_vec_stdcell,sc9mcpp96c,sfk_lvt_c20,pattern_vdd_0.540V_dvdd_1.200V_100.00nS,(P)
639,tb_sc_yd_vmin_shm,func_vec_stdcell,sc9mcpp96c,sfk_lvt_c24,pattern_vdd_0.540V_dvdd_1.200V_100.00nS,(P)
640,tb_sc_yd_vmin_shm,func_vec_stdcell,sc9mcpp96c,sfk_svt_c16,pattern_vdd_0.540V_dvdd_1.200V_100.00nS,(P)
641,tb_sc_yd_vmin_shm,func_vec_stdcell,sc9mcpp96c,sfk_svt_c18,pattern_vdd_0.540V_dvdd_1.200V_100.00nS,(P)
642,tb_sc_yd_vmin_shm,func_vec_stdcell,sc9mcpp96c,sfk_svt_c20,pattern_vdd_0.540V_dvdd_1.200V_100.00nS,(P)
643,tb_sc_yd_vmin_shm,func_vec_stdcell,sc9mcpp96c,sfk_svt_c24,pattern_vdd_0.540V_dvdd_1.200V_100.00nS,(P)
644,tb_sc_yd_vmin_shm,func_vec_stdcell,sc9mcpp96c,sfk_ulvt_c16,pattern_vdd_0.540V_dvdd_1.200V_100.00nS,(P)
645,tb_sc_yd_vmin_shm,func_vec_stdcell,sc9mcpp96c,sfk_ulvt_c18,pattern_vdd_0.540V_dvdd_1.200V_100.00nS,(P)
646,tb_sc_yd_vmin_shm,func_vec_stdcell,sc9mcpp96c,sfk_ulvt_c20,pattern_vdd_0.540V_dvdd_1.200V_100.00nS,(P)
647,tb_sc_yd_vmin_shm,func_vec_stdcell,sc9mcpp96c,sfk_ulvt_c24,pattern_vdd_0.540V_dvdd_1.200V_100.00nS,(P)
648,tb_sc_yd_vmin_shm,func_vec_stdcell,sc7p5mcpp96p,sfk_lvt_c16,pattern_vdd_0.630V_dvdd_1.200V_100.00nS,(P)
649,tb_sc_yd_vmin_shm,func_vec_stdcell,sc7p5mcpp96p,sfk_lvt_c18,pattern_vdd_0.630V_dvdd_1.200V_100.00nS,(P)
650,tb_sc_yd_vmin_shm,func_vec_stdcell,sc7p5mcpp96p,sfk_lvt_c20,pattern_vdd_0.630V_dvdd_1.200V_100.00nS,(P)
651,tb_sc_yd_vmin_shm,func_vec_stdcell,sc7p5mcpp96p,sfk_lvt_c24,pattern_vdd_0.630V_dvdd_1.200V_100.00nS,(P)
652,tb_sc_yd_vmin_shm,func_vec_stdcell,sc7p5mcpp96p,sfk_svt_c16,pattern_vdd_0.630V_dvdd_1.200V_100.00nS,(P)
653,tb_sc_yd_vmin_shm,func_vec_stdcell,sc7p5mcpp96p,sfk_svt_c18,pattern_vdd_0.630V_dvdd_1.200V_100.00nS,(P)
654,tb_sc_yd_vmin_shm,func_vec_stdcell,sc7p5mcpp96p,sfk_svt_c20,pattern_vdd_0.630V_dvdd_1.200V_100.00nS,(P)
655,tb_sc_yd_vmin_shm,func_vec_stdcell,sc7p5mcpp96p,sfk_svt_c24,pattern_vdd_0.630V_dvdd_1.200V_100.00nS,(P)
656,tb_sc_yd_vmin_shm,func_vec_stdcell,sc7p5mcpp96p,sfk_ulvt_c16,pattern_vdd_0.630V_dvdd_1.200V_100.00nS,(P)
657,tb_sc_yd_vmin_shm,func_vec_stdcell,sc7p5mcpp96p,sfk_ulvt_c18,pattern_vdd_0.630V_dvdd_1.200V_100.00nS,(P)
658,tb_sc_yd_vmin_shm,func_vec_stdcell,sc7p5mcpp96p,sfk_ulvt_c20,pattern_vdd_0.630V_dvdd_1.200V_100.00nS,(P)
659,tb_sc_yd_vmin_shm,func_vec_stdcell,sc7p5mcpp96p,sfk_ulvt_c24,pattern_vdd_0.630V_dvdd_1.200V_100.00nS,(P)
660,tb_sc_yd_vmin_shm,func_vec_stdcell,sc9mcpp96c,sfk_lvt_c16,pattern_vdd_0.630V_dvdd_1.200V_100.00nS,(P)
661,tb_sc_yd_vmin_shm,func_vec_stdcell,sc9mcpp96c,sfk_lvt_c18,pattern_vdd_0.630V_dvdd_1.200V_100.00nS,(P)
662,tb_sc_yd_vmin_shm,func_vec_stdcell,sc9mcpp96c,sfk_lvt_c20,pattern_vdd_0.630V_dvdd_1.200V_100.00nS,(P)
663,tb_sc_yd_vmin_shm,func_vec_stdcell,sc9mcpp96c,sfk_lvt_c24,pattern_vdd_0.630V_dvdd_1.200V_100.00nS,(P)
664,tb_sc_yd_vmin_shm,func_vec_stdcell,sc9mcpp96c,sfk_svt_c16,pattern_vdd_0.630V_dvdd_1.200V_100.00nS,(P)
665,tb_sc_yd_vmin_shm,func_vec_stdcell,sc9mcpp96c,sfk_svt_c18,pattern_vdd_0.630V_dvdd_1.200V_100.00nS,(P)
666,tb_sc_yd_vmin_shm,func_vec_stdcell,sc9mcpp96c,sfk_svt_c20,pattern_vdd_0.630V_dvdd_1.200V_100.00nS,(P)
667,tb_sc_yd_vmin_shm,func_vec_stdcell,sc9mcpp96c,sfk_svt_c24,pattern_vdd_0.630V_dvdd_1.200V_100.00nS,(P)
668,tb_sc_yd_vmin_shm,func_vec_stdcell,sc9mcpp96c,sfk_ulvt_c16,pattern_vdd_0.630V_dvdd_1.200V_100.00nS,(P)
669,tb_sc_yd_vmin_shm,func_vec_stdcell,sc9mcpp96c,sfk_ulvt_c18,pattern_vdd_0.630V_dvdd_1.200V_100.00nS,(P)
670,tb_sc_yd_vmin_shm,func_vec_stdcell,sc9mcpp96c,sfk_ulvt_c20,pattern_vdd_0.630V_dvdd_1.200V_100.00nS,(P)
671,tb_sc_yd_vmin_shm,func_vec_stdcell,sc9mcpp96c,sfk_ulvt_c24,pattern_vdd_0.630V_dvdd_1.200V_100.00nS,(P)
672,tb_sc_yd_vmin_shm,func_vec_stdcell,sc7p5mcpp96p,sfk_lvt_c16,pattern_vdd_0.675V_dvdd_1.200V_100.00nS,(P)
673,tb_sc_yd_vmin_shm,func_vec_stdcell,sc7p5mcpp96p,sfk_lvt_c18,pattern_vdd_0.675V_dvdd_1.200V_100.00nS,(P)
674,tb_sc_yd_vmin_shm,func_vec_stdcell,sc7p5mcpp96p,sfk_lvt_c20,pattern_vdd_0.675V_dvdd_1.200V_100.00nS,(P)
675,tb_sc_yd_vmin_shm,func_vec_stdcell,sc7p5mcpp96p,sfk_lvt_c24,pattern_vdd_0.675V_dvdd_1.200V_100.00nS,(P)
676,tb_sc_yd_vmin_shm,func_vec_stdcell,sc7p5mcpp96p,sfk_svt_c16,pattern_vdd_0.675V_dvdd_1.200V_100.00nS,(P)
677,tb_sc_yd_vmin_shm,func_vec_stdcell,sc7p5mcpp96p,sfk_svt_c18,pattern_vdd_0.675V_dvdd_1.200V_100.00nS,(P)
678,tb_sc_yd_vmin_shm,func_vec_stdcell,sc7p5mcpp96p,sfk_svt_c20,pattern_vdd_0.675V_dvdd_1.200V_100.00nS,(P)
679,tb_sc_yd_vmin_shm,func_vec_stdcell,sc7p5mcpp96p,sfk_svt_c24,pattern_vdd_0.675V_dvdd_1.200V_100.00nS,(P)
680,tb_sc_yd_vmin_shm,func_vec_stdcell,sc7p5mcpp96p,sfk_ulvt_c16,pattern_vdd_0.675V_dvdd_1.200V_100.00nS,(P)
681,tb_sc_yd_vmin_shm,func_vec_stdcell,sc7p5mcpp96p,sfk_ulvt_c18,pattern_vdd_0.675V_dvdd_1.200V_100.00nS,(P)
682,tb_sc_yd_vmin_shm,func_vec_stdcell,sc7p5mcpp96p,sfk_ulvt_c20,pattern_vdd_0.675V_dvdd_1.200V_100.00nS,(P)
683,tb_sc_yd_vmin_shm,func_vec_stdcell,sc7p5mcpp96p,sfk_ulvt_c24,pattern_vdd_0.675V_dvdd_1.200V_100.00nS,(P)
684,tb_sc_yd_vmin_shm,func_vec_stdcell,sc9mcpp96c,sfk_lvt_c16,pattern_vdd_0.675V_dvdd_1.200V_100.00nS,(P)
685,tb_sc_yd_vmin_shm,func_vec_stdcell,sc9mcpp96c,sfk_lvt_c18,pattern_vdd_0.675V_dvdd_1.200V_100.00nS,(P)
686,tb_sc_yd_vmin_shm,func_vec_stdcell,sc9mcpp96c,sfk_lvt_c20,pattern_vdd_0.675V_dvdd_1.200V_100.00nS,(P)
687,tb_sc_yd_vmin_shm,func_vec_stdcell,sc9mcpp96c,sfk_lvt_c24,pattern_vdd_0.675V_dvdd_1.200V_100.00nS,(P)
688,tb_sc_yd_vmin_shm,func_vec_stdcell,sc9mcpp96c,sfk_svt_c16,pattern_vdd_0.675V_dvdd_1.200V_100.00nS,(P)
689,tb_sc_yd_vmin_shm,func_vec_stdcell,sc9mcpp96c,sfk_svt_c18,pattern_vdd_0.675V_dvdd_1.200V_100.00nS,(P)
690,tb_sc_yd_vmin_shm,func_vec_stdcell,sc9mcpp96c,sfk_svt_c20,pattern_vdd_0.675V_dvdd_1.200V_100.00nS,(P)
691,tb_sc_yd_vmin_shm,func_vec_stdcell,sc9mcpp96c,sfk_svt_c24,pattern_vdd_0.675V_dvdd_1.200V_100.00nS,(P)
692,tb_sc_yd_vmin_shm,func_vec_stdcell,sc9mcpp96c,sfk_ulvt_c16,pattern_vdd_0.675V_dvdd_1.200V_100.00nS,(P)
693,tb_sc_yd_vmin_shm,func_vec_stdcell,sc9mcpp96c,sfk_ulvt_c18,pattern_vdd_0.675V_dvdd_1.200V_100.00nS,(P)
694,tb_sc_yd_vmin_shm,func_vec_stdcell,sc9mcpp96c,sfk_ulvt_c20,pattern_vdd_0.675V_dvdd_1.200V_100.00nS,(P)
695,tb_sc_yd_vmin_shm,func_vec_stdcell,sc9mcpp96c,sfk_ulvt_c24,pattern_vdd_0.675V_dvdd_1.200V_100.00nS,(P)
696,tb_sc_yd_vmin_shm,func_vec_stdcell,sc7p5mcpp96p,sfk_lvt_c16,pattern_vdd_0.720V_dvdd_1.200V_100.00nS,(P)
697,tb_sc_yd_vmin_shm,func_vec_stdcell,sc7p5mcpp96p,sfk_lvt_c18,pattern_vdd_0.720V_dvdd_1.200V_100.00nS,(P)
698,tb_sc_yd_vmin_shm,func_vec_stdcell,sc7p5mcpp96p,sfk_lvt_c20,pattern_vdd_0.720V_dvdd_1.200V_100.00nS,(P)
699,tb_sc_yd_vmin_shm,func_vec_stdcell,sc7p5mcpp96p,sfk_lvt_c24,pattern_vdd_0.720V_dvdd_1.200V_100.00nS,(P)
700,tb_sc_yd_vmin_shm,func_vec_stdcell,sc7p5mcpp96p,sfk_svt_c16,pattern_vdd_0.720V_dvdd_1.200V_100.00nS,(P)
701,tb_sc_yd_vmin_shm,func_vec_stdcell,sc7p5mcpp96p,sfk_svt_c18,pattern_vdd_0.720V_dvdd_1.200V_100.00nS,(P)
702,tb_sc_yd_vmin_shm,func_vec_stdcell,sc7p5mcpp96p,sfk_svt_c20,pattern_vdd_0.720V_dvdd_1.200V_100.00nS,(P)
703,tb_sc_yd_vmin_shm,func_vec_stdcell,sc7p5mcpp96p,sfk_svt_c24,pattern_vdd_0.720V_dvdd_1.200V_100.00nS,(P)
704,tb_sc_yd_vmin_shm,func_vec_stdcell,sc7p5mcpp96p,sfk_ulvt_c16,pattern_vdd_0.720V_dvdd_1.200V_100.00nS,(P)
705,tb_sc_yd_vmin_shm,func_vec_stdcell,sc7p5mcpp96p,sfk_ulvt_c18,pattern_vdd_0.720V_dvdd_1.200V_100.00nS,(P)
706,tb_sc_yd_vmin_shm,func_vec_stdcell,sc7p5mcpp96p,sfk_ulvt_c20,pattern_vdd_0.720V_dvdd_1.200V_100.00nS,(P)
707,tb_sc_yd_vmin_shm,func_vec_stdcell,sc7p5mcpp96p,sfk_ulvt_c24,pattern_vdd_0.720V_dvdd_1.200V_100.00nS,(P)
708,tb_sc_yd_vmin_shm,func_vec_stdcell,sc9mcpp96c,sfk_lvt_c16,pattern_vdd_0.720V_dvdd_1.200V_100.00nS,(P)
709,tb_sc_yd_vmin_shm,func_vec_stdcell,sc9mcpp96c,sfk_lvt_c18,pattern_vdd_0.720V_dvdd_1.200V_100.00nS,(P)
710,tb_sc_yd_vmin_shm,func_vec_stdcell,sc9mcpp96c,sfk_lvt_c20,pattern_vdd_0.720V_dvdd_1.200V_100.00nS,(P)
711,tb_sc_yd_vmin_shm,func_vec_stdcell,sc9mcpp96c,sfk_lvt_c24,pattern_vdd_0.720V_dvdd_1.200V_100.00nS,(P)
712,tb_sc_yd_vmin_shm,func_vec_stdcell,sc9mcpp96c,sfk_svt_c16,pattern_vdd_0.720V_dvdd_1.200V_100.00nS,(P)
713,tb_sc_yd_vmin_shm,func_vec_stdcell,sc9mcpp96c,sfk_svt_c18,pattern_vdd_0.720V_dvdd_1.200V_100.00nS,(P)
714,tb_sc_yd_vmin_shm,func_vec_stdcell,sc9mcpp96c,sfk_svt_c20,pattern_vdd_0.720V_dvdd_1.200V_100.00nS,(P)
715,tb_sc_yd_vmin_shm,func_vec_stdcell,sc9mcpp96c,sfk_svt_c24,pattern_vdd_0.720V_dvdd_1.200V_100.00nS,(P)
716,tb_sc_yd_vmin_shm,func_vec_stdcell,sc9mcpp96c,sfk_ulvt_c16,pattern_vdd_0.720V_dvdd_1.200V_100.00nS,(P)
717,tb_sc_yd_vmin_shm,func_vec_stdcell,sc9mcpp96c,sfk_ulvt_c18,pattern_vdd_0.720V_dvdd_1.200V_100.00nS,(P)
718,tb_sc_yd_vmin_shm,func_vec_stdcell,sc9mcpp96c,sfk_ulvt_c20,pattern_vdd_0.720V_dvdd_1.200V_100.00nS,(P)
719,tb_sc_yd_vmin_shm,func_vec_stdcell,sc9mcpp96c,sfk_ulvt_c24,pattern_vdd_0.720V_dvdd_1.200V_100.00nS,(P)
720,tb_sc_yd_vmin_shm,func_vec_stdcell,sc7p5mcpp96p,sfk_lvt_c16,pattern_vdd_0.810V_dvdd_1.200V_100.00nS,(P)
721,tb_sc_yd_vmin_shm,func_vec_stdcell,sc7p5mcpp96p,sfk_lvt_c18,pattern_vdd_0.810V_dvdd_1.200V_100.00nS,(P)
722,tb_sc_yd_vmin_shm,func_vec_stdcell,sc7p5mcpp96p,sfk_lvt_c20,pattern_vdd_0.810V_dvdd_1.200V_100.00nS,(P)
723,tb_sc_yd_vmin_shm,func_vec_stdcell,sc7p5mcpp96p,sfk_lvt_c24,pattern_vdd_0.810V_dvdd_1.200V_100.00nS,(P)
724,tb_sc_yd_vmin_shm,func_vec_stdcell,sc7p5mcpp96p,sfk_svt_c16,pattern_vdd_0.810V_dvdd_1.200V_100.00nS,(P)
725,tb_sc_yd_vmin_shm,func_vec_stdcell,sc7p5mcpp96p,sfk_svt_c18,pattern_vdd_0.810V_dvdd_1.200V_100.00nS,(P)
726,tb_sc_yd_vmin_shm,func_vec_stdcell,sc7p5mcpp96p,sfk_svt_c20,pattern_vdd_0.810V_dvdd_1.200V_100.00nS,(P)
727,tb_sc_yd_vmin_shm,func_vec_stdcell,sc7p5mcpp96p,sfk_svt_c24,pattern_vdd_0.810V_dvdd_1.200V_100.00nS,(P)
728,tb_sc_yd_vmin_shm,func_vec_stdcell,sc7p5mcpp96p,sfk_ulvt_c16,pattern_vdd_0.810V_dvdd_1.200V_100.00nS,(P)
729,tb_sc_yd_vmin_shm,func_vec_stdcell,sc7p5mcpp96p,sfk_ulvt_c18,pattern_vdd_0.810V_dvdd_1.200V_100.00nS,(P)
730,tb_sc_yd_vmin_shm,func_vec_stdcell,sc7p5mcpp96p,sfk_ulvt_c20,pattern_vdd_0.810V_dvdd_1.200V_100.00nS,(P)
731,tb_sc_yd_vmin_shm,func_vec_stdcell,sc7p5mcpp96p,sfk_ulvt_c24,pattern_vdd_0.810V_dvdd_1.200V_100.00nS,(P)
732,tb_sc_yd_vmin_shm,func_vec_stdcell,sc9mcpp96c,sfk_lvt_c16,pattern_vdd_0.810V_dvdd_1.200V_100.00nS,(P)
733,tb_sc_yd_vmin_shm,func_vec_stdcell,sc9mcpp96c,sfk_lvt_c18,pattern_vdd_0.810V_dvdd_1.200V_100.00nS,(P)
734,tb_sc_yd_vmin_shm,func_vec_stdcell,sc9mcpp96c,sfk_lvt_c20,pattern_vdd_0.810V_dvdd_1.200V_100.00nS,(P)
735,tb_sc_yd_vmin_shm,func_vec_stdcell,sc9mcpp96c,sfk_lvt_c24,pattern_vdd_0.810V_dvdd_1.200V_100.00nS,(P)
736,tb_sc_yd_vmin_shm,func_vec_stdcell,sc9mcpp96c,sfk_svt_c16,pattern_vdd_0.810V_dvdd_1.200V_100.00nS,(P)
737,tb_sc_yd_vmin_shm,func_vec_stdcell,sc9mcpp96c,sfk_svt_c18,pattern_vdd_0.810V_dvdd_1.200V_100.00nS,(P)
738,tb_sc_yd_vmin_shm,func_vec_stdcell,sc9mcpp96c,sfk_svt_c20,pattern_vdd_0.810V_dvdd_1.200V_100.00nS,(P)
739,tb_sc_yd_vmin_shm,func_vec_stdcell,sc9mcpp96c,sfk_svt_c24,pattern_vdd_0.810V_dvdd_1.200V_100.00nS,(P)
740,tb_sc_yd_vmin_shm,func_vec_stdcell,sc9mcpp96c,sfk_ulvt_c16,pattern_vdd_0.810V_dvdd_1.200V_100.00nS,(P)
741,tb_sc_yd_vmin_shm,func_vec_stdcell,sc9mcpp96c,sfk_ulvt_c18,pattern_vdd_0.810V_dvdd_1.200V_100.00nS,(P)
742,tb_sc_yd_vmin_shm,func_vec_stdcell,sc9mcpp96c,sfk_ulvt_c20,pattern_vdd_0.810V_dvdd_1.200V_100.00nS,(P)
743,tb_sc_yd_vmin_shm,func_vec_stdcell,sc9mcpp96c,sfk_ulvt_c24,pattern_vdd_0.810V_dvdd_1.200V_100.00nS,(P)
744,tb_sc_yd_vmin_shm,func_vec_stdcell,sc7p5mcpp96p,sfk_lvt_c16,pattern_vdd_0.880V_dvdd_1.200V_100.00nS,(P)
745,tb_sc_yd_vmin_shm,func_vec_stdcell,sc7p5mcpp96p,sfk_lvt_c18,pattern_vdd_0.880V_dvdd_1.200V_100.00nS,(P)
746,tb_sc_yd_vmin_shm,func_vec_stdcell,sc7p5mcpp96p,sfk_lvt_c20,pattern_vdd_0.880V_dvdd_1.200V_100.00nS,(P)
747,tb_sc_yd_vmin_shm,func_vec_stdcell,sc7p5mcpp96p,sfk_lvt_c24,pattern_vdd_0.880V_dvdd_1.200V_100.00nS,(P)
748,tb_sc_yd_vmin_shm,func_vec_stdcell,sc7p5mcpp96p,sfk_svt_c16,pattern_vdd_0.880V_dvdd_1.200V_100.00nS,(P)
749,tb_sc_yd_vmin_shm,func_vec_stdcell,sc7p5mcpp96p,sfk_svt_c18,pattern_vdd_0.880V_dvdd_1.200V_100.00nS,(P)
750,tb_sc_yd_vmin_shm,func_vec_stdcell,sc7p5mcpp96p,sfk_svt_c20,pattern_vdd_0.880V_dvdd_1.200V_100.00nS,(P)
751,tb_sc_yd_vmin_shm,func_vec_stdcell,sc7p5mcpp96p,sfk_svt_c24,pattern_vdd_0.880V_dvdd_1.200V_100.00nS,(P)
752,tb_sc_yd_vmin_shm,func_vec_stdcell,sc7p5mcpp96p,sfk_ulvt_c16,pattern_vdd_0.880V_dvdd_1.200V_100.00nS,(P)
753,tb_sc_yd_vmin_shm,func_vec_stdcell,sc7p5mcpp96p,sfk_ulvt_c18,pattern_vdd_0.880V_dvdd_1.200V_100.00nS,(P)
754,tb_sc_yd_vmin_shm,func_vec_stdcell,sc7p5mcpp96p,sfk_ulvt_c20,pattern_vdd_0.880V_dvdd_1.200V_100.00nS,(P)
755,tb_sc_yd_vmin_shm,func_vec_stdcell,sc7p5mcpp96p,sfk_ulvt_c24,pattern_vdd_0.880V_dvdd_1.200V_100.00nS,(P)
756,tb_sc_yd_vmin_shm,func_vec_stdcell,sc9mcpp96c,sfk_lvt_c16,pattern_vdd_0.880V_dvdd_1.200V_100.00nS,(P)
757,tb_sc_yd_vmin_shm,func_vec_stdcell,sc9mcpp96c,sfk_lvt_c18,pattern_vdd_0.880V_dvdd_1.200V_100.00nS,(P)
758,tb_sc_yd_vmin_shm,func_vec_stdcell,sc9mcpp96c,sfk_lvt_c20,pattern_vdd_0.880V_dvdd_1.200V_100.00nS,(P)
759,tb_sc_yd_vmin_shm,func_vec_stdcell,sc9mcpp96c,sfk_lvt_c24,pattern_vdd_0.880V_dvdd_1.200V_100.00nS,(P)
760,tb_sc_yd_vmin_shm,func_vec_stdcell,sc9mcpp96c,sfk_svt_c16,pattern_vdd_0.880V_dvdd_1.200V_100.00nS,(P)
761,tb_sc_yd_vmin_shm,func_vec_stdcell,sc9mcpp96c,sfk_svt_c18,pattern_vdd_0.880V_dvdd_1.200V_100.00nS,(P)
762,tb_sc_yd_vmin_shm,func_vec_stdcell,sc9mcpp96c,sfk_svt_c20,pattern_vdd_0.880V_dvdd_1.200V_100.00nS,(P)
763,tb_sc_yd_vmin_shm,func_vec_stdcell,sc9mcpp96c,sfk_svt_c24,pattern_vdd_0.880V_dvdd_1.200V_100.00nS,(P)
764,tb_sc_yd_vmin_shm,func_vec_stdcell,sc9mcpp96c,sfk_ulvt_c16,pattern_vdd_0.880V_dvdd_1.200V_100.00nS,(P)
765,tb_sc_yd_vmin_shm,func_vec_stdcell,sc9mcpp96c,sfk_ulvt_c18,pattern_vdd_0.880V_dvdd_1.200V_100.00nS,(P)
766,tb_sc_yd_vmin_shm,func_vec_stdcell,sc9mcpp96c,sfk_ulvt_c20,pattern_vdd_0.880V_dvdd_1.200V_100.00nS,(P)
767,tb_sc_yd_vmin_shm,func_vec_stdcell,sc9mcpp96c,sfk_ulvt_c24,pattern_vdd_0.880V_dvdd_1.200V_100.00nS,(P)
768,tb_sc_yd_vmin_shm,func_vec_stdcell,sc7p5mcpp96p,sfk_lvt_c16,pattern_vdd_0.900V_dvdd_1.200V_100.00nS,(P)
769,tb_sc_yd_vmin_shm,func_vec_stdcell,sc7p5mcpp96p,sfk_lvt_c18,pattern_vdd_0.900V_dvdd_1.200V_100.00nS,(P)
770,tb_sc_yd_vmin_shm,func_vec_stdcell,sc7p5mcpp96p,sfk_lvt_c20,pattern_vdd_0.900V_dvdd_1.200V_100.00nS,(P)
771,tb_sc_yd_vmin_shm,func_vec_stdcell,sc7p5mcpp96p,sfk_lvt_c24,pattern_vdd_0.900V_dvdd_1.200V_100.00nS,(P)
772,tb_sc_yd_vmin_shm,func_vec_stdcell,sc7p5mcpp96p,sfk_svt_c16,pattern_vdd_0.900V_dvdd_1.200V_100.00nS,(P)
773,tb_sc_yd_vmin_shm,func_vec_stdcell,sc7p5mcpp96p,sfk_svt_c18,pattern_vdd_0.900V_dvdd_1.200V_100.00nS,(P)
774,tb_sc_yd_vmin_shm,func_vec_stdcell,sc7p5mcpp96p,sfk_svt_c20,pattern_vdd_0.900V_dvdd_1.200V_100.00nS,(P)
775,tb_sc_yd_vmin_shm,func_vec_stdcell,sc7p5mcpp96p,sfk_svt_c24,pattern_vdd_0.900V_dvdd_1.200V_100.00nS,(P)
776,tb_sc_yd_vmin_shm,func_vec_stdcell,sc7p5mcpp96p,sfk_ulvt_c16,pattern_vdd_0.900V_dvdd_1.200V_100.00nS,(P)
777,tb_sc_yd_vmin_shm,func_vec_stdcell,sc7p5mcpp96p,sfk_ulvt_c18,pattern_vdd_0.900V_dvdd_1.200V_100.00nS,(P)
778,tb_sc_yd_vmin_shm,func_vec_stdcell,sc7p5mcpp96p,sfk_ulvt_c20,pattern_vdd_0.900V_dvdd_1.200V_100.00nS,(P)
779,tb_sc_yd_vmin_shm,func_vec_stdcell,sc7p5mcpp96p,sfk_ulvt_c24,pattern_vdd_0.900V_dvdd_1.200V_100.00nS,(P)
780,tb_sc_yd_vmin_shm,func_vec_stdcell,sc9mcpp96c,sfk_lvt_c16,pattern_vdd_0.900V_dvdd_1.200V_100.00nS,(P)
781,tb_sc_yd_vmin_shm,func_vec_stdcell,sc9mcpp96c,sfk_lvt_c18,pattern_vdd_0.900V_dvdd_1.200V_100.00nS,(P)
782,tb_sc_yd_vmin_shm,func_vec_stdcell,sc9mcpp96c,sfk_lvt_c20,pattern_vdd_0.900V_dvdd_1.200V_100.00nS,(P)
783,tb_sc_yd_vmin_shm,func_vec_stdcell,sc9mcpp96c,sfk_lvt_c24,pattern_vdd_0.900V_dvdd_1.200V_100.00nS,(P)
784,tb_sc_yd_vmin_shm,func_vec_stdcell,sc9mcpp96c,sfk_svt_c16,pattern_vdd_0.900V_dvdd_1.200V_100.00nS,(P)
785,tb_sc_yd_vmin_shm,func_vec_stdcell,sc9mcpp96c,sfk_svt_c18,pattern_vdd_0.900V_dvdd_1.200V_100.00nS,(P)
786,tb_sc_yd_vmin_shm,func_vec_stdcell,sc9mcpp96c,sfk_svt_c20,pattern_vdd_0.900V_dvdd_1.200V_100.00nS,(P)
787,tb_sc_yd_vmin_shm,func_vec_stdcell,sc9mcpp96c,sfk_svt_c24,pattern_vdd_0.900V_dvdd_1.200V_100.00nS,(P)
788,tb_sc_yd_vmin_shm,func_vec_stdcell,sc9mcpp96c,sfk_ulvt_c16,pattern_vdd_0.900V_dvdd_1.200V_100.00nS,(P)
789,tb_sc_yd_vmin_shm,func_vec_stdcell,sc9mcpp96c,sfk_ulvt_c18,pattern_vdd_0.900V_dvdd_1.200V_100.00nS,(P)
790,tb_sc_yd_vmin_shm,func_vec_stdcell,sc9mcpp96c,sfk_ulvt_c20,pattern_vdd_0.900V_dvdd_1.200V_100.00nS,(P)
791,tb_sc_yd_vmin_shm,func_vec_stdcell,sc9mcpp96c,sfk_ulvt_c24,pattern_vdd_0.900V_dvdd_1.200V_100.00nS,(P)
792,tb_sc_yd_vmin_shm,func_vec_stdcell,sc7p5mcpp96p,sfk_lvt_c16,pattern_vdd_1.050V_dvdd_1.200V_100.00nS,(P)
793,tb_sc_yd_vmin_shm,func_vec_stdcell,sc7p5mcpp96p,sfk_lvt_c18,pattern_vdd_1.050V_dvdd_1.200V_100.00nS,(P)
794,tb_sc_yd_vmin_shm,func_vec_stdcell,sc7p5mcpp96p,sfk_lvt_c20,pattern_vdd_1.050V_dvdd_1.200V_100.00nS,(P)
795,tb_sc_yd_vmin_shm,func_vec_stdcell,sc7p5mcpp96p,sfk_lvt_c24,pattern_vdd_1.050V_dvdd_1.200V_100.00nS,(P)
796,tb_sc_yd_vmin_shm,func_vec_stdcell,sc7p5mcpp96p,sfk_svt_c16,pattern_vdd_1.050V_dvdd_1.200V_100.00nS,(P)
797,tb_sc_yd_vmin_shm,func_vec_stdcell,sc7p5mcpp96p,sfk_svt_c18,pattern_vdd_1.050V_dvdd_1.200V_100.00nS,(P)
798,tb_sc_yd_vmin_shm,func_vec_stdcell,sc7p5mcpp96p,sfk_svt_c20,pattern_vdd_1.050V_dvdd_1.200V_100.00nS,(P)
799,tb_sc_yd_vmin_shm,func_vec_stdcell,sc7p5mcpp96p,sfk_svt_c24,pattern_vdd_1.050V_dvdd_1.200V_100.00nS,(P)
800,tb_sc_yd_vmin_shm,func_vec_stdcell,sc7p5mcpp96p,sfk_ulvt_c16,pattern_vdd_1.050V_dvdd_1.200V_100.00nS,(P)
801,tb_sc_yd_vmin_shm,func_vec_stdcell,sc7p5mcpp96p,sfk_ulvt_c18,pattern_vdd_1.050V_dvdd_1.200V_100.00nS,(P)
802,tb_sc_yd_vmin_shm,func_vec_stdcell,sc7p5mcpp96p,sfk_ulvt_c20,pattern_vdd_1.050V_dvdd_1.200V_100.00nS,(P)
803,tb_sc_yd_vmin_shm,func_vec_stdcell,sc7p5mcpp96p,sfk_ulvt_c24,pattern_vdd_1.050V_dvdd_1.200V_100.00nS,(P)
804,tb_sc_yd_vmin_shm,func_vec_stdcell,sc9mcpp96c,sfk_lvt_c16,pattern_vdd_1.050V_dvdd_1.200V_100.00nS,(P)
805,tb_sc_yd_vmin_shm,func_vec_stdcell,sc9mcpp96c,sfk_lvt_c18,pattern_vdd_1.050V_dvdd_1.200V_100.00nS,(P)
806,tb_sc_yd_vmin_shm,func_vec_stdcell,sc9mcpp96c,sfk_lvt_c20,pattern_vdd_1.050V_dvdd_1.200V_100.00nS,(P)
807,tb_sc_yd_vmin_shm,func_vec_stdcell,sc9mcpp96c,sfk_lvt_c24,pattern_vdd_1.050V_dvdd_1.200V_100.00nS,(P)
808,tb_sc_yd_vmin_shm,func_vec_stdcell,sc9mcpp96c,sfk_svt_c16,pattern_vdd_1.050V_dvdd_1.200V_100.00nS,(P)
809,tb_sc_yd_vmin_shm,func_vec_stdcell,sc9mcpp96c,sfk_svt_c18,pattern_vdd_1.050V_dvdd_1.200V_100.00nS,(P)
810,tb_sc_yd_vmin_shm,func_vec_stdcell,sc9mcpp96c,sfk_svt_c20,pattern_vdd_1.050V_dvdd_1.200V_100.00nS,(P)
811,tb_sc_yd_vmin_shm,func_vec_stdcell,sc9mcpp96c,sfk_svt_c24,pattern_vdd_1.050V_dvdd_1.200V_100.00nS,(P)
812,tb_sc_yd_vmin_shm,func_vec_stdcell,sc9mcpp96c,sfk_ulvt_c16,pattern_vdd_1.050V_dvdd_1.200V_100.00nS,(P)
813,tb_sc_yd_vmin_shm,func_vec_stdcell,sc9mcpp96c,sfk_ulvt_c18,pattern_vdd_1.050V_dvdd_1.200V_100.00nS,(P)
814,tb_sc_yd_vmin_shm,func_vec_stdcell,sc9mcpp96c,sfk_ulvt_c20,pattern_vdd_1.050V_dvdd_1.200V_100.00nS,(P)
815,tb_sc_yd_vmin_shm,func_vec_stdcell,sc9mcpp96c,sfk_ulvt_c24,pattern_vdd_1.050V_dvdd_1.200V_100.00nS,(P)
816,tb_sc_yd_vmin_shm,func_vec_stdcell,sc7p5mcpp96p,sfk_lvt_c16,pattern_vdd_1.200V_dvdd_1.200V_100.00nS,(P),shmoo_bsmin_vec_stdcell,sc7p5mcpp96p,sfk_lvt_c16_library,0.255V
1013,tb_sc_yd_vmin_shm,func_vec_stdcell,sc7p5mcpp96p,sfk_lvt_c18,pattern_vdd_1.200V_dvdd_1.200V_100.00nS,(P),shmoo_bsmin_vec_stdcell,sc7p5mcpp96p,sfk_lvt_c18_library,0.255V
1013,tb_sc_yd_vmin_shm,func_vec_stdcell,sc7p5mcpp96p,sfk_lvt_c20,pattern_vdd_1.200V_dvdd_1.200V_100.00nS,(P),shmoo_bsmin_vec_stdcell,sc7p5mcpp96p,sfk_lvt_c20_library,0.255V
1013,tb_sc_yd_vmin_shm,func_vec_stdcell,sc7p5mcpp96p,sfk_lvt_c24,pattern_vdd_1.200V_dvdd_1.200V_100.00nS,(P),shmoo_bsmin_vec_stdcell,sc7p5mcpp96p,sfk_lvt_c24_library,0.255V
1013,tb_sc_yd_vmin_shm,func_vec_stdcell,sc7p5mcpp96p,sfk_svt_c16,pattern_vdd_1.200V_dvdd_1.200V_100.00nS,(P),shmoo_bsmin_vec_stdcell,sc7p5mcpp96p,sfk_svt_c16_library,0.295V
1013,tb_sc_yd_vmin_shm,func_vec_stdcell,sc7p5mcpp96p,sfk_svt_c18,pattern_vdd_1.200V_dvdd_1.200V_100.00nS,(P),shmoo_bsmin_vec_stdcell,sc7p5mcpp96p,sfk_svt_c18_library,0.315V
1013,tb_sc_yd_vmin_shm,func_vec_stdcell,sc7p5mcpp96p,sfk_svt_c20,pattern_vdd_1.200V_dvdd_1.200V_100.00nS,(P),shmoo_bsmin_vec_stdcell,sc7p5mcpp96p,sfk_svt_c20_library,0.305V
1016,tb_sc_yd_vmin_shm,func_vec_stdcell,sc7p5mcpp96p,sfk_svt_c24,pattern_vdd_1.200V_dvdd_1.200V_100.00nS,(P),shmoo_bsmin_vec_stdcell,sc7p5mcpp96p,sfk_svt_c24_library,0.330V
1015,tb_sc_yd_vmin_shm,func_vec_stdcell,sc7p5mcpp96p,sfk_ulvt_c16,pattern_vdd_1.200V_dvdd_1.200V_100.00nS,(P),shmoo_bsmin_vec_stdcell,sc7p5mcpp96p,sfk_ulvt_c16_library,0.255V
1013,tb_sc_yd_vmin_shm,func_vec_stdcell,sc7p5mcpp96p,sfk_ulvt_c18,pattern_vdd_1.200V_dvdd_1.200V_100.00nS,(P),shmoo_bsmin_vec_stdcell,sc7p5mcpp96p,sfk_ulvt_c18_library,0.255V
1013,tb_sc_yd_vmin_shm,func_vec_stdcell,sc7p5mcpp96p,sfk_ulvt_c20,pattern_vdd_1.200V_dvdd_1.200V_100.00nS,(P),shmoo_bsmin_vec_stdcell,sc7p5mcpp96p,sfk_ulvt_c20_library,0.255V
1013,tb_sc_yd_vmin_shm,func_vec_stdcell,sc7p5mcpp96p,sfk_ulvt_c24,pattern_vdd_1.200V_dvdd_1.200V_100.00nS,(P),shmoo_bsmin_vec_stdcell,sc7p5mcpp96p,sfk_ulvt_c24_library,0.255V
1013,tb_sc_yd_vmin_shm,func_vec_stdcell,sc9mcpp96c,sfk_lvt_c16,pattern_vdd_1.200V_dvdd_1.200V_100.00nS,(P),shmoo_bsmin_vec_stdcell,sc9mcpp96c,sfk_lvt_c16_library,0.275V
1015,tb_sc_yd_vmin_shm,func_vec_stdcell,sc9mcpp96c,sfk_lvt_c18,pattern_vdd_1.200V_dvdd_1.200V_100.00nS,(P),shmoo_bsmin_vec_stdcell,sc9mcpp96c,sfk_lvt_c18_library,0.255V
1016,tb_sc_yd_vmin_shm,func_vec_stdcell,sc9mcpp96c,sfk_lvt_c20,pattern_vdd_1.200V_dvdd_1.200V_100.00nS,(P),shmoo_bsmin_vec_stdcell,sc9mcpp96c,sfk_lvt_c20_library,0.255V
1013,tb_sc_yd_vmin_shm,func_vec_stdcell,sc9mcpp96c,sfk_lvt_c24,pattern_vdd_1.200V_dvdd_1.200V_100.00nS,(P),shmoo_bsmin_vec_stdcell,sc9mcpp96c,sfk_lvt_c24_library,0.255V
1013,tb_sc_yd_vmin_shm,func_vec_stdcell,sc9mcpp96c,sfk_svt_c16,pattern_vdd_1.200V_dvdd_1.200V_100.00nS,(P),shmoo_bsmin_vec_stdcell,sc9mcpp96c,sfk_svt_c16_library,0.285V
1014,tb_sc_yd_vmin_shm,func_vec_stdcell,sc9mcpp96c,sfk_svt_c18,pattern_vdd_1.200V_dvdd_1.200V_100.00nS,(P),shmoo_bsmin_vec_stdcell,sc9mcpp96c,sfk_svt_c18_library,0.305V
1013,tb_sc_yd_vmin_shm,func_vec_stdcell,sc9mcpp96c,sfk_svt_c20,pattern_vdd_1.200V_dvdd_1.200V_100.00nS,(P),shmoo_bsmin_vec_stdcell,sc9mcpp96c,sfk_svt_c20_library,0.310V
1013,tb_sc_yd_vmin_shm,func_vec_stdcell,sc9mcpp96c,sfk_svt_c24,pattern_vdd_1.200V_dvdd_1.200V_100.00nS,(P),shmoo_bsmin_vec_stdcell,sc9mcpp96c,sfk_svt_c24_library,0.325V
1013,tb_sc_yd_vmin_shm,func_vec_stdcell,sc9mcpp96c,sfk_ulvt_c16,pattern_vdd_1.200V_dvdd_1.200V_100.00nS,(P),shmoo_bsmin_vec_stdcell,sc9mcpp96c,sfk_ulvt_c16_library,0.260V
1013,tb_sc_yd_vmin_shm,func_vec_stdcell,sc9mcpp96c,sfk_ulvt_c18,pattern_vdd_1.200V_dvdd_1.200V_100.00nS,(P),shmoo_bsmin_vec_stdcell,sc9mcpp96c,sfk_ulvt_c18_library,0.255V
1013,tb_sc_yd_vmin_shm,func_vec_stdcell,sc9mcpp96c,sfk_ulvt_c20,pattern_vdd_1.200V_dvdd_1.200V_100.00nS,(P),shmoo_bsmin_vec_stdcell,sc9mcpp96c,sfk_ulvt_c20_library,0.255V
1013,tb_sc_yd_vmin_shm,func_vec_stdcell,sc9mcpp96c,sfk_ulvt_c24,pattern_vdd_1.200V_dvdd_1.200V_100.00nS,(P),shmoo_bsmin_vec_stdcell,sc9mcpp96c,sfk_ulvt_c24_library,0.255V
