TstNum,Pin,Chn,PinName,TestBlock,TestName,ForceValue,LowLimit,TestValue(exclude unit),TestValueUnit,P/F,HighLimit
100,AA3,a_4,AA_0,tb_pin_continui,Cont_N,250.000_uA,900.000_mV,780.250,mV,(P),240.000_mV
100,AA2,a_201,AA_1,tb_pin_continui,Cont_N,250.000_uA,900.000_mV,780.625,mV,(P),240.000_mV
100,AA1,a_140,AA_2,tb_pin_continui,Cont_N,250.000_uA,900.000_mV,780.375,mV,(P),240.000_mV
100,Y3,a_6,AA_3,tb_pin_continui,Cont_N,250.000_uA,900.000_mV,779.875,mV,(P),240.000_mV
100,Y2,a_144,AA_4,tb_pin_continui,Cont_N,250.000_uA,900.000_mV,780.375,mV,(P),240.000_mV
100,Y1,a_143,AA_5,tb_pin_continui,Cont_N,250.000_uA,900.000_mV,780.250,mV,(P),240.000_mV
100,W4,a_209,AA_6,tb_pin_continui,Cont_N,250.000_uA,900.000_mV,780.125,mV,(P),240.000_mV
100,W3,a_211,AA_7,tb_pin_continui,Cont_N,250.000_uA,900.000_mV,780.250,mV,(P),240.000_mV
100,V3,a_210,AA_8,tb_pin_continui,Cont_N,250.000_uA,900.000_mV,780.500,mV,(P),240.000_mV
100,U4,a_277,AA_9,tb_pin_continui,Cont_N,250.000_uA,900.000_mV,779.875,mV,(P),240.000_mV
100,U3,a_212,AA_10,tb_pin_continui,Cont_N,250.000_uA,900.000_mV,780.250,mV,(P),240.000_mV
100,U1,a_195,AA_11,tb_pin_continui,Cont_N,250.000_uA,900.000_mV,780.500,mV,(P),240.000_mV
100,T3,a_11,AA_12,tb_pin_continui,Cont_N,250.000_uA,900.000_mV,779.875,mV,(P),240.000_mV
100,T2,a_257,AA_13,tb_pin_continui,Cont_N,250.000_uA,900.000_mV,780.125,mV,(P),240.000_mV
100,T1,a_258,AA_14,tb_pin_continui,Cont_N,250.000_uA,900.000_mV,780.125,mV,(P),240.000_mV
100,R4,a_214,AA_15,tb_pin_continui,Cont_N,250.000_uA,900.000_mV,780.125,mV,(P),240.000_mV
100,P2,a_259,AB_0,tb_pin_continui,Cont_N,250.000_uA,900.000_mV,780.125,mV,(P),240.000_mV
100,P3,a_13,AB_1,tb_pin_continui,Cont_N,250.000_uA,900.000_mV,779.875,mV,(P),240.000_mV
100,N1,a_264,AB_2,tb_pin_continui,Cont_N,250.000_uA,900.000_mV,780.250,mV,(P),240.000_mV
100,N3,a_17,AB_3,tb_pin_continui,Cont_N,250.000_uA,900.000_mV,779.875,mV,(P),240.000_mV
100,N4,a_139,AB_4,tb_pin_continui,Cont_N,250.000_uA,900.000_mV,780.250,mV,(P),240.000_mV
100,M1,a_263,AB_5,tb_pin_continui,Cont_N,250.000_uA,900.000_mV,780.125,mV,(P),240.000_mV
100,M2,a_81,AB_6,tb_pin_continui,Cont_N,250.000_uA,900.000_mV,779.875,mV,(P),240.000_mV
100,M3,a_141,AB_7,tb_pin_continui,Cont_N,250.000_uA,900.000_mV,780.125,mV,(P),240.000_mV
100,L1,a_265,AB_8,tb_pin_continui,Cont_N,250.000_uA,900.000_mV,780.250,mV,(P),240.000_mV
100,L2,a_19,AB_9,tb_pin_continui,Cont_N,250.000_uA,900.000_mV,780.000,mV,(P),240.000_mV
100,L3,a_18,AB_10,tb_pin_continui,Cont_N,250.000_uA,900.000_mV,779.875,mV,(P),240.000_mV
100,K2,a_85,AB_11,tb_pin_continui,Cont_N,250.000_uA,900.000_mV,780.000,mV,(P),240.000_mV
100,K3,a_76,AB_12,tb_pin_continui,Cont_N,250.000_uA,900.000_mV,780.000,mV,(P),240.000_mV
100,AF24,a_184,ACC_ENABL,tb_pin_continui,Cont_N,250.000_uA,900.000_mV,780.000,mV,(P),240.000_mV
100,AH24,a_256,ACC_RESET,tb_pin_continui,Cont_N,250.000_uA,900.000_mV,780.000,mV,(P),240.000_mV
100,J1,a_266,ACC_SEL_0,tb_pin_continui,Cont_N,250.000_uA,900.000_mV,780.125,mV,(P),240.000_mV
100,J2,a_268,ACC_SEL_1,tb_pin_continui,Cont_N,250.000_uA,900.000_mV,780.250,mV,(P),240.000_mV
100,J3,a_20,ACC_SEL_2,tb_pin_continui,Cont_N,250.000_uA,900.000_mV,779.875,mV,(P),240.000_mV
100,H1,a_269,ACC_SEL_3,tb_pin_continui,Cont_N,250.000_uA,900.000_mV,780.375,mV,(P),240.000_mV
100,H2,a_22,ACC_SEL_4,tb_pin_continui,Cont_N,250.000_uA,900.000_mV,780.000,mV,(P),240.000_mV
100,AF23,a_183,ADA,tb_pin_continui,Cont_N,250.000_uA,900.000_mV,779.875,mV,(P),240.000_mV
100,AF18,a_232,ADY,tb_pin_continui,Cont_N,250.000_uA,900.000_mV,466.625,mV,(P),240.000_mV
100,AE22,a_238,BIST_CLK_,tb_pin_continui,Cont_N,250.000_uA,900.000_mV,779.750,mV,(P),240.000_mV
100,AG23,a_185,BIST_SE,tb_pin_continui,Cont_N,250.000_uA,900.000_mV,779.875,mV,(P),240.000_mV
100,E4,a_275,BIST_SI_0,tb_pin_continui,Cont_N,250.000_uA,900.000_mV,779.250,mV,(P),240.000_mV
100,D3,a_273,BIST_SI_1,tb_pin_continui,Cont_N,250.000_uA,900.000_mV,779.375,mV,(P),240.000_mV
100,C4,a_274,BIST_SI_2,tb_pin_continui,Cont_N,250.000_uA,900.000_mV,779.375,mV,(P),240.000_mV
100,B5,a_27,BIST_SI_3,tb_pin_continui,Cont_N,250.000_uA,900.000_mV,779.250,mV,(P),240.000_mV
100,AB3,a_208,BIST_SO_0,tb_pin_continui,Cont_N,250.000_uA,900.000_mV,467.125,mV,(P),240.000_mV
100,AA4,a_142,BIST_SO_1,tb_pin_continui,Cont_N,250.000_uA,900.000_mV,467.750,mV,(P),240.000_mV
100,R3,a_15,BIST_SO_2,tb_pin_continui,Cont_N,250.000_uA,900.000_mV,467.625,mV,(P),240.000_mV
100,R2,a_260,BIST_SO_3,tb_pin_continui,Cont_N,250.000_uA,900.000_mV,467.500,mV,(P),240.000_mV
100,AH23,a_189,CENA,tb_pin_continui,Cont_N,250.000_uA,900.000_mV,780.250,mV,(P),240.000_mV
100,AF22,a_170,CENB,tb_pin_continui,Cont_N,250.000_uA,900.000_mV,780.375,mV,(P),240.000_mV
100,AG22,a_128,CLKA,tb_pin_continui,Cont_N,250.000_uA,900.000_mV,780.125,mV,(P),240.000_mV
100,AH22,a_187,CLKB,tb_pin_continui,Cont_N,250.000_uA,900.000_mV,780.250,mV,(P),240.000_mV
100,AE20,a_42,CLKSC,tb_pin_continui,Cont_N,250.000_uA,900.000_mV,780.000,mV,(P),240.000_mV
100,AH21,a_186,CRE1,tb_pin_continui,Cont_N,250.000_uA,900.000_mV,780.250,mV,(P),240.000_mV
100,AH19,a_192,CRE2,tb_pin_continui,Cont_N,250.000_uA,900.000_mV,780.250,mV,(P),240.000_mV
100,A5,a_276,DA_0,tb_pin_continui,Cont_N,250.000_uA,900.000_mV,779.250,mV,(P),240.000_mV
100,B6,a_31,DA_1,tb_pin_continui,Cont_N,250.000_uA,900.000_mV,779.500,mV,(P),240.000_mV
100,C7,a_29,DA_2,tb_pin_continui,Cont_N,250.000_uA,900.000_mV,779.375,mV,(P),240.000_mV
100,B7,a_26,DA_3,tb_pin_continui,Cont_N,250.000_uA,900.000_mV,779.375,mV,(P),240.000_mV
100,B8,a_217,DB_0,tb_pin_continui,Cont_N,250.000_uA,900.000_mV,779.500,mV,(P),240.000_mV
100,C9,a_32,DB_1,tb_pin_continui,Cont_N,250.000_uA,900.000_mV,779.500,mV,(P),240.000_mV
100,B9,a_220,DB_2,tb_pin_continui,Cont_N,250.000_uA,900.000_mV,779.750,mV,(P),240.000_mV
100,C12,a_147,DB_3,tb_pin_continui,Cont_N,250.000_uA,900.000_mV,779.125,mV,(P),240.000_mV
100,AH18,a_125,DFTRAMBYP,tb_pin_continui,Cont_N,250.000_uA,900.000_mV,780.250,mV,(P),240.000_mV
100,AF16,a_40,ECEN,tb_pin_continui,Cont_N,250.000_uA,900.000_mV,780.250,mV,(P),240.000_mV
100,B12,a_36,EMAA_0,tb_pin_continui,Cont_N,250.000_uA,900.000_mV,779.750,mV,(P),240.000_mV
100,A12,a_222,EMAA_1,tb_pin_continui,Cont_N,250.000_uA,900.000_mV,779.875,mV,(P),240.000_mV
100,A13,a_224,EMAA_2,tb_pin_continui,Cont_N,250.000_uA,900.000_mV,779.500,mV,(P),240.000_mV
100,B15,a_159,EMAB_0,tb_pin_continui,Cont_N,250.000_uA,900.000_mV,779.625,mV,(P),240.000_mV
100,C15,a_35,EMAB_1,tb_pin_continui,Cont_N,250.000_uA,900.000_mV,779.250,mV,(P),240.000_mV
100,A16,a_154,EMAB_2,tb_pin_continui,Cont_N,250.000_uA,900.000_mV,779.250,mV,(P),240.000_mV
100,AG16,a_73,EMAP,tb_pin_continui,Cont_N,250.000_uA,900.000_mV,780.000,mV,(P),240.000_mV
100,AH16,a_70,EMASA,tb_pin_continui,Cont_N,250.000_uA,900.000_mV,779.875,mV,(P),240.000_mV
100,B16,a_98,EMAWA_0,tb_pin_continui,Cont_N,250.000_uA,900.000_mV,779.750,mV,(P),240.000_mV
100,C16,a_93,EMAWA_1,tb_pin_continui,Cont_N,250.000_uA,900.000_mV,779.250,mV,(P),240.000_mV
100,D16,a_160,EXT_CLK_S,tb_pin_continui,Cont_N,250.000_uA,900.000_mV,779.375,mV,(P),240.000_mV
100,A17,a_158,EXT_CLK_S,tb_pin_continui,Cont_N,250.000_uA,900.000_mV,779.625,mV,(P),240.000_mV
100,AG14,a_71,FF_CLK,tb_pin_continui,Cont_N,250.000_uA,900.000_mV,780.000,mV,(P),240.000_mV
100,AF14,a_96,FF_EN,tb_pin_continui,Cont_N,250.000_uA,900.000_mV,780.125,mV,(P),240.000_mV
100,AH13,a_136,GWENA,tb_pin_continui,Cont_N,250.000_uA,900.000_mV,780.250,mV,(P),240.000_mV
100,AG13,a_135,GWENB,tb_pin_continui,Cont_N,250.000_uA,900.000_mV,780.125,mV,(P),240.000_mV
100,AF13,a_95,KEN,tb_pin_continui,Cont_N,250.000_uA,900.000_mV,780.000,mV,(P),240.000_mV
100,AF11,a_91,LATECANCE,tb_pin_continui,Cont_N,250.000_uA,900.000_mV,779.750,mV,(P),240.000_mV
100,D20,a_165,LRENA_0,tb_pin_continui,Cont_N,250.000_uA,900.000_mV,780.000,mV,(P),240.000_mV
100,A21,a_82,LRENA_1,tb_pin_continui,Cont_N,250.000_uA,900.000_mV,779.625,mV,(P),240.000_mV
100,C22,a_109,LRENB_0,tb_pin_continui,Cont_N,250.000_uA,900.000_mV,779.750,mV,(P),240.000_mV
100,D22,a_163,LRENB_1,tb_pin_continui,Cont_N,250.000_uA,900.000_mV,780.250,mV,(P),240.000_mV
100,AE11,a_146,LV_3RD_PA,tb_pin_continui,Cont_N,250.000_uA,900.000_mV,780.000,mV,(P),240.000_mV
100,AG10,a_72,OSC_EN,tb_pin_continui,Cont_N,250.000_uA,900.000_mV,780.000,mV,(P),240.000_mV
100,A23,a_84,OUTPUT_SE,tb_pin_continui,Cont_N,250.000_uA,900.000_mV,779.250,mV,(P),240.000_mV
100,B23,a_46,OUTPUT_SE,tb_pin_continui,Cont_N,250.000_uA,900.000_mV,779.375,mV,(P),240.000_mV
100,C23,a_167,OUTPUT_SE,tb_pin_continui,Cont_N,250.000_uA,900.000_mV,779.750,mV,(P),240.000_mV
100,AF10,a_90,PGEN,tb_pin_continui,Cont_N,250.000_uA,900.000_mV,780.000,mV,(P),240.000_mV
100,AG18,a_8,PLLOUT128,tb_pin_continui,Cont_N,250.000_uA,900.000_mV,466.375,mV,(P),240.000_mV
100,AH11,a_132,PLL_FREF,tb_pin_continui,Cont_N,250.000_uA,900.000_mV,780.250,mV,(P),240.000_mV
100,AE13,a_151,PLL_LOCK,tb_pin_continui,Cont_N,250.000_uA,900.000_mV,466.500,mV,(P),240.000_mV
100,AH9,a_130,PLL_PD,tb_pin_continui,Cont_N,250.000_uA,900.000_mV,780.125,mV,(P),240.000_mV
100,F28,a_166,PLL_REFDI,tb_pin_continui,Cont_N,250.000_uA,900.000_mV,780.250,mV,(P),240.000_mV
100,G25,a_225,PLL_REFDI,tb_pin_continui,Cont_N,250.000_uA,900.000_mV,781.375,mV,(P),240.000_mV
100,G26,a_50,PLL_REFDI,tb_pin_continui,Cont_N,250.000_uA,900.000_mV,780.125,mV,(P),240.000_mV
100,G27,a_108,PLL_REFDI,tb_pin_continui,Cont_N,250.000_uA,900.000_mV,780.500,mV,(P),240.000_mV
100,G28,a_169,PLL_REFDI,tb_pin_continui,Cont_N,250.000_uA,900.000_mV,780.375,mV,(P),240.000_mV
100,H26,a_227,PLL_REFDI,tb_pin_continui,Cont_N,250.000_uA,900.000_mV,779.875,mV,(P),240.000_mV
100,AD28,a_253,PNOUT,tb_pin_continui,Cont_N,250.000_uA,900.000_mV,469.000,mV,(P),240.000_mV
100,A24,a_87,POSTDIV1_,tb_pin_continui,Cont_N,250.000_uA,900.000_mV,779.125,mV,(P),240.000_mV
100,B24,a_83,POSTDIV1_,tb_pin_continui,Cont_N,250.000_uA,900.000_mV,779.500,mV,(P),240.000_mV
100,C24,a_44,POSTDIV1_,tb_pin_continui,Cont_N,250.000_uA,900.000_mV,779.250,mV,(P),240.000_mV
100,A7,a_278,QA_0,tb_pin_continui,Cont_N,250.000_uA,900.000_mV,470.625,mV,(P),240.000_mV
100,D8,a_30,QA_1,tb_pin_continui,Cont_N,250.000_uA,900.000_mV,470.750,mV,(P),240.000_mV
100,C8,a_28,QA_2,tb_pin_continui,Cont_N,250.000_uA,900.000_mV,469.875,mV,(P),240.000_mV
100,C14,a_155,QA_3,tb_pin_continui,Cont_N,250.000_uA,900.000_mV,470.000,mV,(P),240.000_mV
100,B14,a_157,QA_4,tb_pin_continui,Cont_N,250.000_uA,900.000_mV,470.625,mV,(P),240.000_mV
100,B17,a_37,QA_5,tb_pin_continui,Cont_N,250.000_uA,900.000_mV,470.125,mV,(P),240.000_mV
100,C17,a_162,QA_6,tb_pin_continui,Cont_N,250.000_uA,900.000_mV,470.625,mV,(P),240.000_mV
100,C20,a_105,QA_7,tb_pin_continui,Cont_N,250.000_uA,900.000_mV,470.125,mV,(P),240.000_mV
100,J25,a_229,QB_0,tb_pin_continui,Cont_N,250.000_uA,900.000_mV,469.250,mV,(P),240.000_mV
100,J26,a_51,QB_1,tb_pin_continui,Cont_N,250.000_uA,900.000_mV,470.000,mV,(P),240.000_mV
100,J27,a_171,QB_2,tb_pin_continui,Cont_N,250.000_uA,900.000_mV,469.250,mV,(P),240.000_mV
100,M27,a_124,QB_3,tb_pin_continui,Cont_N,250.000_uA,900.000_mV,468.750,mV,(P),240.000_mV
100,M28,a_116,QB_4,tb_pin_continui,Cont_N,250.000_uA,900.000_mV,468.500,mV,(P),240.000_mV
100,U25,a_176,QB_5,tb_pin_continui,Cont_N,250.000_uA,900.000_mV,468.750,mV,(P),240.000_mV
100,V28,a_127,QB_6,tb_pin_continui,Cont_N,250.000_uA,900.000_mV,469.500,mV,(P),240.000_mV
100,V27,a_119,QB_7,tb_pin_continui,Cont_N,250.000_uA,900.000_mV,468.500,mV,(P),240.000_mV
100,AG9,a_198,RAWL,tb_pin_continui,Cont_N,250.000_uA,900.000_mV,780.250,mV,(P),240.000_mV
100,H27,a_117,RAWLM_0,tb_pin_continui,Cont_N,250.000_uA,900.000_mV,780.375,mV,(P),240.000_mV
100,H28,a_106,RAWLM_1,tb_pin_continui,Cont_N,250.000_uA,900.000_mV,780.500,mV,(P),240.000_mV
100,AE9,a_213,RDTA,tb_pin_continui,Cont_N,250.000_uA,900.000_mV,780.125,mV,(P),240.000_mV
100,AH8,a_194,RET1N,tb_pin_continui,Cont_N,250.000_uA,900.000_mV,780.125,mV,(P),240.000_mV
100,AF8,a_14,RET2N,tb_pin_continui,Cont_N,250.000_uA,900.000_mV,779.875,mV,(P),240.000_mV
100,AH7,a_196,SC_RESETN,tb_pin_continui,Cont_N,250.000_uA,900.000_mV,780.250,mV,(P),240.000_mV
100,K26,a_231,SEL_0,tb_pin_continui,Cont_N,250.000_uA,900.000_mV,780.000,mV,(P),240.000_mV
100,K27,a_54,SEL_1,tb_pin_continui,Cont_N,250.000_uA,900.000_mV,780.375,mV,(P),240.000_mV
100,K28,a_111,SEL_2,tb_pin_continui,Cont_N,250.000_uA,900.000_mV,780.500,mV,(P),240.000_mV
100,L25,a_233,SEL_3,tb_pin_continui,Cont_N,250.000_uA,900.000_mV,780.250,mV,(P),240.000_mV
100,L28,a_115,SEL_4,tb_pin_continui,Cont_N,250.000_uA,900.000_mV,780.625,mV,(P),240.000_mV
100,M26,a_234,SEL_5,tb_pin_continui,Cont_N,250.000_uA,900.000_mV,780.375,mV,(P),240.000_mV
100,N25,a_235,SEL_6,tb_pin_continui,Cont_N,250.000_uA,900.000_mV,780.250,mV,(P),240.000_mV
100,N26,a_57,SEL_7,tb_pin_continui,Cont_N,250.000_uA,900.000_mV,780.375,mV,(P),240.000_mV
100,N27,a_114,SEL_8,tb_pin_continui,Cont_N,250.000_uA,900.000_mV,780.750,mV,(P),240.000_mV
100,P26,a_61,SEL_9,tb_pin_continui,Cont_N,250.000_uA,900.000_mV,780.500,mV,(P),240.000_mV
100,P27,a_181,SEL_10,tb_pin_continui,Cont_N,250.000_uA,900.000_mV,780.125,mV,(P),240.000_mV
100,T26,a_174,SEL_11,tb_pin_continui,Cont_N,250.000_uA,900.000_mV,780.625,mV,(P),240.000_mV
100,T27,a_55,SEL_12,tb_pin_continui,Cont_N,250.000_uA,900.000_mV,780.625,mV,(P),240.000_mV
100,T28,a_120,SEL_13,tb_pin_continui,Cont_N,250.000_uA,900.000_mV,780.875,mV,(P),240.000_mV
100,AF7,a_16,SE_MEM,tb_pin_continui,Cont_N,250.000_uA,900.000_mV,779.625,mV,(P),240.000_mV
100,U28,a_123,SI_MEM_0,tb_pin_continui,Cont_N,250.000_uA,900.000_mV,780.625,mV,(P),240.000_mV
100,U27,a_121,SI_MEM_1,tb_pin_continui,Cont_N,250.000_uA,900.000_mV,780.750,mV,(P),240.000_mV
100,AE7,a_218,STOV,tb_pin_continui,Cont_N,250.000_uA,900.000_mV,780.375,mV,(P),240.000_mV
100,AH6,a_200,STOVAB,tb_pin_continui,Cont_N,250.000_uA,900.000_mV,780.250,mV,(P),240.000_mV
100,U26,a_58,SUHD_ADWC,tb_pin_continui,Cont_N,250.000_uA,900.000_mV,780.750,mV,(P),240.000_mV
100,V26,a_53,SUHD_ADWC,tb_pin_continui,Cont_N,250.000_uA,900.000_mV,780.750,mV,(P),240.000_mV
100,W28,a_126,SUHD_ADWC,tb_pin_continui,Cont_N,250.000_uA,900.000_mV,780.625,mV,(P),240.000_mV
100,AF5,a_203,SUHD_BIT,tb_pin_continui,Cont_N,250.000_uA,900.000_mV,780.750,mV,(P),240.000_mV
100,AE5,a_205,SUHD_DATA,tb_pin_continui,Cont_N,250.000_uA,900.000_mV,780.625,mV,(P),240.000_mV
100,AF4,a_2,SUHD_ENAB,tb_pin_continui,Cont_N,250.000_uA,900.000_mV,780.125,mV,(P),240.000_mV
100,AE3,a_1,SUHD_MODE,tb_pin_continui,Cont_N,250.000_uA,900.000_mV,780.250,mV,(P),240.000_mV
100,W26,a_64,SUHD_SKEW,tb_pin_continui,Cont_N,250.000_uA,900.000_mV,780.500,mV,(P),240.000_mV
100,W25,a_241,SUHD_SKEW,tb_pin_continui,Cont_N,250.000_uA,900.000_mV,780.250,mV,(P),240.000_mV
100,Y28,a_242,SUHD_SKEW,tb_pin_continui,Cont_N,250.000_uA,900.000_mV,780.250,mV,(P),240.000_mV
100,Y27,a_179,SUHD_SKEW,tb_pin_continui,Cont_N,250.000_uA,900.000_mV,780.250,mV,(P),240.000_mV
100,Y26,a_243,SUHD_SKEW,tb_pin_continui,Cont_N,250.000_uA,900.000_mV,780.500,mV,(P),240.000_mV
100,AA28,a_244,SUHD_SKEW,tb_pin_continui,Cont_N,250.000_uA,900.000_mV,780.375,mV,(P),240.000_mV
100,AA27,a_246,SUHD_SKEW,tb_pin_continui,Cont_N,250.000_uA,900.000_mV,780.375,mV,(P),240.000_mV
100,AD2,a_66,TCK,tb_pin_continui,Cont_N,250.000_uA,900.000_mV,780.375,mV,(P),240.000_mV
100,AD1,a_129,TDI,tb_pin_continui,Cont_N,250.000_uA,900.000_mV,780.500,mV,(P),240.000_mV
100,AG11,a_69,TDO,tb_pin_continui,Cont_N,250.000_uA,900.000_mV,467.250,mV,(P),240.000_mV
100,AC3,a_3,TMS,tb_pin_continui,Cont_N,250.000_uA,900.000_mV,780.250,mV,(P),240.000_mV
100,AC2,a_133,TRSTN,tb_pin_continui,Cont_N,250.000_uA,900.000_mV,780.625,mV,(P),240.000_mV
100,AC1,a_131,WABL,tb_pin_continui,Cont_N,250.000_uA,900.000_mV,780.750,mV,(P),240.000_mV
100,AA26,a_175,WABLM_0,tb_pin_continui,Cont_N,250.000_uA,900.000_mV,781.000,mV,(P),240.000_mV
100,AB28,a_248,WABLM_1,tb_pin_continui,Cont_N,250.000_uA,900.000_mV,780.500,mV,(P),240.000_mV
100,AB27,a_249,WENA_0,tb_pin_continui,Cont_N,250.000_uA,900.000_mV,780.500,mV,(P),240.000_mV
100,AB26,a_178,WENA_1,tb_pin_continui,Cont_N,250.000_uA,900.000_mV,780.250,mV,(P),240.000_mV
100,AB25,a_237,WENB_0,tb_pin_continui,Cont_N,250.000_uA,900.000_mV,780.375,mV,(P),240.000_mV
100,AC26,a_172,WENB_1,tb_pin_continui,Cont_N,250.000_uA,900.000_mV,780.750,mV,(P),240.000_mV
301,C28,a_dps1a,VDD,tb_gross_idd_de,Idd,800.000_mV,40.000_uA,40.946,uA,(F),40.000_uA
302,P28,a_dps9a,VDDCE,tb_gross_idd_de,Idd,800.000_mV,40.000_uA,40.949,uA,(F),40.000_uA
303,F24,a_dps12,IVDD_A,tb_gross_idd_de,Idd,880.000_mV,40.000_uA,40.946,uA,(F),40.000_uA
304,G24,a_dps16,IVDD_B,tb_gross_idd_de,Idd,1.980_V,40.000_uA,5.654,uA,(P),40.000_uA
305,D25,a_dps19,DVDD,tb_gross_idd_de,Idd,1.800_V,40.000_uA,40.945,uA,(F),40.000_uA
301,C28,a_dps1a,VDD,tb_gross_idd_de,Idd,800.000_mV,400.000_uA,409.462,uA,(F),400.000_uA
302,P28,a_dps9a,VDDCE,tb_gross_idd_de,Idd,800.000_mV,400.000_uA,409.488,uA,(F),400.000_uA
303,F24,a_dps12,IVDD_A,tb_gross_idd_de,Idd,880.000_mV,400.000_uA,188.150,uA,(P),400.000_uA
304,G24,a_dps16,IVDD_B,tb_gross_idd_de,Idd,1.980_V,400.000_uA,28.662,uA,(P),400.000_uA
305,D25,a_dps19,DVDD,tb_gross_idd_de,Idd,1.800_V,400.000_uA,22.325,uA,(P),400.000_uA
307,C28,a_dps1a,VDD,tb_gross_idd_de,Idd,800.000_mV,4.000_mA,4.095,mA,(F),4.000_mA
308,P28,a_dps9a,VDDCE,tb_gross_idd_de,Idd,800.000_mV,4.000_mA,0.678,mA,(P),4.000_mA
309,F24,a_dps12,IVDD_A,tb_gross_idd_de,Idd,880.000_mV,4.000_mA,0.204,mA,(P),4.000_mA
310,G24,a_dps16,IVDD_B,tb_gross_idd_de,Idd,1.980_V,4.000_mA,0.083,mA,(P),4.000_mA
311,D25,a_dps19,DVDD,tb_gross_idd_de,Idd,1.800_V,4.000_mA,0.129,mA,(P),4.000_mA
313,C28,a_dps1a,VDD,tb_gross_idd_de,Idd,800.000_mV,40.000_mA,28.225,mA,(P),40.000_mA
314,P28,a_dps9a,VDDCE,tb_gross_idd_de,Idd,800.000_mV,40.000_mA,0.735,mA,(P),40.000_mA
315,F24,a_dps12,IVDD_A,tb_gross_idd_de,Idd,880.000_mV,40.000_mA,0.355,mA,(P),40.000_mA
316,G24,a_dps16,IVDD_B,tb_gross_idd_de,Idd,1.980_V,40.000_mA,0.098,mA,(P),40.000_mA
317,D25,a_dps19,DVDD,tb_gross_idd_de,Idd,1.800_V,40.000_mA,0.598,mA,(P),40.000_mA
319,C28,a_dps1a,VDD,tb_gross_idd_de,Idd,800.000_mV,400.000_mA,28.325,mA,(P),400.000_mA
320,P28,a_dps9a,VDDCE,tb_gross_idd_de,Idd,800.000_mV,400.000_mA,0.725,mA,(P),400.000_mA
321,F24,a_dps12,IVDD_A,tb_gross_idd_de,Idd,880.000_mV,400.000_mA,0.475,mA,(P),400.000_mA
322,G24,a_dps16,IVDD_B,tb_gross_idd_de,Idd,1.980_V,400.000_mA,0.200,mA,(P),400.000_mA
323,D25,a_dps19,DVDD,tb_gross_idd_de,Idd,1.800_V,400.000_mA,0.000,mA,(P),400.000_mA
301,C28,a_dps1a,VDD,tb_gross_idd_al,Idd,800.000_mV,40.000_uA,40.946,uA,(F),40.000_uA
302,P28,a_dps9a,VDDCE,tb_gross_idd_al,Idd,800.000_mV,40.000_uA,40.949,uA,(F),40.000_uA
303,F24,a_dps12,IVDD_A,tb_gross_idd_al,Idd,880.000_mV,40.000_uA,40.946,uA,(F),40.000_uA
304,G24,a_dps16,IVDD_B,tb_gross_idd_al,Idd,1.980_V,40.000_uA,11.439,uA,(P),40.000_uA
305,D25,a_dps19,DVDD,tb_gross_idd_al,Idd,1.800_V,40.000_uA,40.945,uA,(F),40.000_uA
301,C28,a_dps1a,VDD,tb_gross_idd_al,Idd,800.000_mV,400.000_uA,409.462,uA,(F),400.000_uA
302,P28,a_dps9a,VDDCE,tb_gross_idd_al,Idd,800.000_mV,400.000_uA,409.488,uA,(F),400.000_uA
303,F24,a_dps12,IVDD_A,tb_gross_idd_al,Idd,880.000_mV,400.000_uA,178.712,uA,(P),400.000_uA
304,G24,a_dps16,IVDD_B,tb_gross_idd_al,Idd,1.980_V,400.000_uA,8.050,uA,(P),400.000_uA
305,D25,a_dps19,DVDD,tb_gross_idd_al,Idd,1.800_V,400.000_uA,0.300,uA,(P),400.000_uA
307,C28,a_dps1a,VDD,tb_gross_idd_al,Idd,800.000_mV,4.000_mA,4.095,mA,(F),4.000_mA
308,P28,a_dps9a,VDDCE,tb_gross_idd_al,Idd,800.000_mV,4.000_mA,0.765,mA,(P),4.000_mA
309,F24,a_dps12,IVDD_A,tb_gross_idd_al,Idd,880.000_mV,4.000_mA,0.294,mA,(P),4.000_mA
310,G24,a_dps16,IVDD_B,tb_gross_idd_al,Idd,1.980_V,4.000_mA,0.007,mA,(P),4.000_mA
311,D25,a_dps19,DVDD,tb_gross_idd_al,Idd,1.800_V,4.000_mA,0.022,mA,(P),4.000_mA
313,C28,a_dps1a,VDD,tb_gross_idd_al,Idd,800.000_mV,40.000_mA,28.168,mA,(P),40.000_mA
314,P28,a_dps9a,VDDCE,tb_gross_idd_al,Idd,800.000_mV,40.000_mA,0.864,mA,(P),40.000_mA
315,F24,a_dps12,IVDD_A,tb_gross_idd_al,Idd,880.000_mV,40.000_mA,0.171,mA,(P),40.000_mA
316,G24,a_dps16,IVDD_B,tb_gross_idd_al,Idd,1.980_V,40.000_mA,0.072,mA,(P),40.000_mA
317,D25,a_dps19,DVDD,tb_gross_idd_al,Idd,1.800_V,40.000_mA,0.138,mA,(P),40.000_mA
319,C28,a_dps1a,VDD,tb_gross_idd_al,Idd,800.000_mV,400.000_mA,28.925,mA,(P),400.000_mA
320,P28,a_dps9a,VDDCE,tb_gross_idd_al,Idd,800.000_mV,400.000_mA,1.162,mA,(P),400.000_mA
321,F24,a_dps12,IVDD_A,tb_gross_idd_al,Idd,880.000_mV,400.000_mA,0.138,mA,(P),400.000_mA
322,G24,a_dps16,IVDD_B,tb_gross_idd_al,Idd,1.980_V,400.000_mA,0.200,mA,(P),400.000_mA
323,D25,a_dps19,DVDD,tb_gross_idd_al,Idd,1.800_V,400.000_mA,0.350,mA,(P),400.000_mA
301,C28,a_dps1a,VDD,tb_gross_idd_al,Idd,800.000_mV,40.000_uA,40.946,uA,(F),40.000_uA
302,P28,a_dps9a,VDDCE,tb_gross_idd_al,Idd,800.000_mV,40.000_uA,40.949,uA,(F),40.000_uA
303,F24,a_dps12,IVDD_A,tb_gross_idd_al,Idd,880.000_mV,40.000_uA,40.946,uA,(F),40.000_uA
304,G24,a_dps16,IVDD_B,tb_gross_idd_al,Idd,1.980_V,40.000_uA,11.756,uA,(P),40.000_uA
305,D25,a_dps19,DVDD,tb_gross_idd_al,Idd,1.800_V,40.000_uA,40.945,uA,(F),40.000_uA
301,C28,a_dps1a,VDD,tb_gross_idd_al,Idd,800.000_mV,400.000_uA,409.462,uA,(F),400.000_uA
302,P28,a_dps9a,VDDCE,tb_gross_idd_al,Idd,800.000_mV,400.000_uA,409.488,uA,(F),400.000_uA
303,F24,a_dps12,IVDD_A,tb_gross_idd_al,Idd,880.000_mV,400.000_uA,222.537,uA,(P),400.000_uA
304,G24,a_dps16,IVDD_B,tb_gross_idd_al,Idd,1.980_V,400.000_uA,18.825,uA,(P),400.000_uA
305,D25,a_dps19,DVDD,tb_gross_idd_al,Idd,1.800_V,400.000_uA,28.700,uA,(P),400.000_uA
307,C28,a_dps1a,VDD,tb_gross_idd_al,Idd,800.000_mV,4.000_mA,4.095,mA,(F),4.000_mA
308,P28,a_dps9a,VDDCE,tb_gross_idd_al,Idd,800.000_mV,4.000_mA,0.674,mA,(P),4.000_mA
309,F24,a_dps12,IVDD_A,tb_gross_idd_al,Idd,880.000_mV,4.000_mA,0.083,mA,(P),4.000_mA
310,G24,a_dps16,IVDD_B,tb_gross_idd_al,Idd,1.980_V,4.000_mA,0.134,mA,(P),4.000_mA
311,D25,a_dps19,DVDD,tb_gross_idd_al,Idd,1.800_V,4.000_mA,0.107,mA,(P),4.000_mA
313,C28,a_dps1a,VDD,tb_gross_idd_al,Idd,800.000_mV,40.000_mA,28.946,mA,(P),40.000_mA
314,P28,a_dps9a,VDDCE,tb_gross_idd_al,Idd,800.000_mV,40.000_mA,0.910,mA,(P),40.000_mA
315,F24,a_dps12,IVDD_A,tb_gross_idd_al,Idd,880.000_mV,40.000_mA,0.174,mA,(P),40.000_mA
316,G24,a_dps16,IVDD_B,tb_gross_idd_al,Idd,1.980_V,40.000_mA,0.056,mA,(P),40.000_mA
317,D25,a_dps19,DVDD,tb_gross_idd_al,Idd,1.800_V,40.000_mA,0.282,mA,(P),40.000_mA
319,C28,a_dps1a,VDD,tb_gross_idd_al,Idd,800.000_mV,400.000_mA,28.338,mA,(P),400.000_mA
320,P28,a_dps9a,VDDCE,tb_gross_idd_al,Idd,800.000_mV,400.000_mA,0.850,mA,(P),400.000_mA
321,F24,a_dps12,IVDD_A,tb_gross_idd_al,Idd,880.000_mV,400.000_mA,0.225,mA,(P),400.000_mA
322,G24,a_dps16,IVDD_B,tb_gross_idd_al,Idd,1.980_V,400.000_mA,0.037,mA,(P),400.000_mA
323,D25,a_dps19,DVDD,tb_gross_idd_al,Idd,1.800_V,400.000_mA,0.163,mA,(P),400.000_mA
